plot,block,idTreatment,plotSize,exposition,side,substrateType,sandRatio,substrateDepth,seedmixType,targetType,seedDensity,surveyDate_seeded,surveyDate_2018,surveyDate_2019,surveyDate_2020,surveyDate_2021,botanist_2018,botanist_2019,botanist_2020,botanist_2021,vegetationCov_2018,vegetationCov_2019,vegetationCov_2020,vegetationCov_2021,bioMass_2019
L1_01,1,L_111,4,south,land,1,0,15,1,hay_meadow,4,2018-04-13,2018-07-21,2019-06-26,2020-06-13,2021-07-05,Jakob Huber,Linda Weggler,Jakob Huber,Markus Bauer,80,70,70,70,NA
L1_02,1,L_113,4,south,land,1,0,15,3,dry_grassland,4,2018-04-13,2018-07-21,2019-06-26,2020-06-13,2021-07-05,Jakob Huber,Linda Weggler,Jakob Huber,Markus Bauer,65,50,60,80,NA
L1_03,1,L_114,4,south,land,1,0,15,4,dry_grassland,8,2018-04-13,2018-07-21,2019-06-26,2020-06-13,2021-07-05,Jakob Huber,Linda Weggler,Jakob Huber,Markus Bauer,70,60,80,50,NA
L1_04,1,L_112,4,south,land,1,0,15,2,hay_meadow,8,2018-04-13,2018-07-21,2019-06-26,2020-06-13,2021-07-05,Jakob Huber,Linda Weggler,Jakob Huber,Markus Bauer,80,60,60,50,NA
L1_05,1,L_122,4,south,land,2,25,15,2,hay_meadow,8,2018-04-13,2018-07-21,2019-06-26,2020-06-13,2021-07-05,Jakob Huber,Linda Weggler,Jakob Huber,Markus Bauer,30,60,70,70,NA
L1_06,1,L_123,4,south,land,2,25,15,3,dry_grassland,4,2018-04-13,2018-07-21,2019-06-26,2020-06-13,2021-07-05,Jakob Huber,Linda Weggler,Jakob Huber,Markus Bauer,50,70,80,90,NA
L1_07,1,L_121,4,south,land,2,25,15,1,hay_meadow,4,2018-04-13,2018-07-21,2019-06-26,2020-06-13,2021-07-05,Jakob Huber,Linda Weggler,Jakob Huber,Markus Bauer,75,70,80,80,NA
L1_08,1,L_124,4,south,land,2,25,15,4,dry_grassland,8,2018-04-13,2018-07-21,2019-06-26,2020-06-13,2021-07-05,Jakob Huber,Linda Weggler,Jakob Huber,Markus Bauer,85,70,65,70,NA
L1_09,1,L_131,4,south,land,3,50,15,1,hay_meadow,4,2018-04-13,2018-07-21,2019-06-26,2020-06-13,2021-07-05,Jakob Huber,Linda Weggler,Jakob Huber,Markus Bauer,50,60,65,90,NA
L1_10,1,L_132,4,south,land,3,50,15,2,hay_meadow,8,2018-04-13,2018-07-21,2019-06-26,2020-06-13,2021-07-05,Jakob Huber,Linda Weggler,Jakob Huber,Markus Bauer,75,65,70,80,NA
L1_11,1,L_133,4,south,land,3,50,15,3,dry_grassland,4,2018-04-13,2018-07-21,2019-06-26,2020-06-13,2021-07-05,Jakob Huber,Linda Weggler,Jakob Huber,Markus Bauer,85,70,75,90,NA
L1_12,1,L_134,4,south,land,3,50,15,4,dry_grassland,8,2018-04-13,2018-07-21,2019-06-26,2020-06-13,2021-07-05,Jakob Huber,Linda Weggler,Jakob Huber,Markus Bauer,75,90,80,90,NA
L1_13,1,L_143,4,south,land,4,0,30,3,dry_grassland,4,2018-04-13,2018-07-21,2019-06-21,2020-06-13,2021-07-05,Jakob Huber,Linda Weggler,Jakob Huber,Markus Bauer,75,80,85,80,NA
L1_14,1,L_142,4,south,land,4,0,30,2,hay_meadow,8,2018-04-13,2018-07-21,2019-06-21,2020-06-13,2021-07-05,Jakob Huber,Linda Weggler,Jakob Huber,Markus Bauer,60,80,80,90,NA
L1_15,1,L_144,4,south,land,4,0,30,4,dry_grassland,8,2018-04-13,2018-07-21,2019-06-21,2020-06-13,2021-07-05,Jakob Huber,Linda Weggler,Jakob Huber,Markus Bauer,75,70,55,90,NA
L1_16,1,L_141,4,south,land,4,0,30,1,hay_meadow,4,2018-04-13,2018-07-21,2019-06-21,2020-06-13,2021-07-05,Jakob Huber,Linda Weggler,Jakob Huber,Markus Bauer,50,80,75,90,NA
L1_17,1,L_151,4,south,land,5,25,30,1,hay_meadow,4,2018-04-13,2018-07-21,2019-06-21,2020-06-13,2021-07-05,Jakob Huber,Linda Weggler,Jakob Huber,Markus Bauer,60,70,70,80,NA
L1_18,1,L_153,4,south,land,5,25,30,3,dry_grassland,4,2018-04-13,2018-07-21,2019-06-21,2020-06-13,2021-07-05,Jakob Huber,Linda Weggler,Jakob Huber,Markus Bauer,50,80,70,80,NA
L1_19,1,L_154,4,south,land,5,25,30,4,dry_grassland,8,2018-04-13,2018-07-21,2019-06-21,2020-06-13,2021-07-05,Jakob Huber,Linda Weggler,Jakob Huber,Markus Bauer,50,80,75,90,NA
L1_20,1,L_152,4,south,land,5,25,30,2,hay_meadow,8,2018-04-13,2018-07-21,2019-06-21,2020-06-13,2021-07-05,Jakob Huber,Linda Weggler,Jakob Huber,Markus Bauer,50,80,75,80,NA
L1_21,1,L_162,4,south,land,6,50,30,2,hay_meadow,8,2018-04-13,2018-07-21,2019-06-21,2020-06-13,2021-07-05,Jakob Huber,Linda Weggler,Jakob Huber,Markus Bauer,30,60,70,90,NA
L1_22,1,L_164,4,south,land,6,50,30,4,dry_grassland,8,2018-04-13,2018-07-21,2019-06-21,2020-06-13,2021-07-05,Jakob Huber,Linda Weggler,Jakob Huber,Markus Bauer,65,60,70,90,NA
L1_23,1,L_161,4,south,land,6,50,30,1,hay_meadow,4,2018-04-13,2018-07-21,2019-06-21,2020-06-13,2021-07-05,Jakob Huber,Linda Weggler,Jakob Huber,Markus Bauer,60,60,75,90,NA
L1_24,1,L_163,4,south,land,6,50,30,3,dry_grassland,4,2018-04-13,2018-07-21,2019-06-21,2020-06-13,2021-07-05,Jakob Huber,Linda Weggler,Jakob Huber,Markus Bauer,60,80,85,90,NA
L2_01,2,L_212,4,south,land,1,0,15,2,hay_meadow,8,2018-04-13,2018-07-20,2019-06-21,2020-06-12,2021-07-06,Jakob Huber,Linda Weggler,Jakob Huber,Markus Bauer,45,60,50,50,NA
L2_02,2,L_214,4,south,land,1,0,15,4,dry_grassland,8,2018-04-13,2018-07-20,2019-06-21,2020-06-12,2021-07-06,Jakob Huber,Linda Weggler,Jakob Huber,Markus Bauer,55,60,55,50,NA
L2_03,2,L_211,4,south,land,1,0,15,1,hay_meadow,4,2018-04-13,2018-07-20,2019-06-21,2020-06-12,2021-07-06,Jakob Huber,Linda Weggler,Jakob Huber,Markus Bauer,65,60,70,80,NA
L2_04,2,L_213,4,south,land,1,0,15,3,dry_grassland,4,2018-04-13,2018-07-20,2019-06-21,2020-06-12,2021-07-06,Jakob Huber,Linda Weggler,Jakob Huber,Markus Bauer,40,70,70,70,NA
L2_05,2,L_221,4,south,land,2,25,15,1,hay_meadow,4,2018-04-13,2018-07-20,2019-06-21,2020-06-12,2021-07-06,Jakob Huber,Linda Weggler,Jakob Huber,Markus Bauer,30,70,65,70,NA
L2_06,2,L_224,4,south,land,2,25,15,4,dry_grassland,8,2018-04-13,2018-07-20,2019-06-21,2020-06-12,2021-07-06,Jakob Huber,Linda Weggler,Jakob Huber,Markus Bauer,30,70,65,80,NA
L2_07,2,L_223,4,south,land,2,25,15,3,dry_grassland,4,2018-04-13,2018-07-20,2019-06-21,2020-06-12,2021-07-06,Jakob Huber,Linda Weggler,Jakob Huber,Markus Bauer,25,80,70,80,NA
L2_08,2,L_222,4,south,land,2,25,15,2,hay_meadow,8,2018-04-13,2018-07-20,2019-06-21,2020-06-12,2021-07-06,Jakob Huber,Linda Weggler,Jakob Huber,Markus Bauer,20,60,65,80,NA
L2_09,2,L_234,4,south,land,3,50,15,4,dry_grassland,8,2018-04-13,2018-07-20,2019-06-21,2020-06-12,2021-07-06,Jakob Huber,Linda Weggler,Jakob Huber,Markus Bauer,60,60,60,80,NA
L2_10,2,L_233,4,south,land,3,50,15,3,dry_grassland,4,2018-04-13,2018-07-20,2019-06-21,2020-06-12,2021-07-06,Jakob Huber,Linda Weggler,Jakob Huber,Markus Bauer,45,40,60,80,NA
L2_11,2,L_231,4,south,land,3,50,15,1,hay_meadow,4,2018-04-13,2018-07-20,2019-06-21,2020-06-12,2021-07-07,Jakob Huber,Linda Weggler,Jakob Huber,Markus Bauer,40,60,60,70,NA
L2_12,2,L_232,4,south,land,3,50,15,2,hay_meadow,8,2018-04-13,2018-07-20,2019-06-21,2020-06-12,2021-07-07,Jakob Huber,Linda Weggler,Jakob Huber,Markus Bauer,65,30,30,40,NA
L2_13,2,L_241,4,south,land,4,0,30,1,hay_meadow,4,2018-04-13,2018-07-20,2019-06-21,2020-06-12,2021-07-07,Jakob Huber,Linda Weggler,Jakob Huber,Markus Bauer,70,50,65,70,NA
L2_14,2,L_243,4,south,land,4,0,30,3,dry_grassland,4,2018-04-13,2018-07-20,2019-06-21,2020-06-12,2021-07-07,Jakob Huber,Linda Weggler,Jakob Huber,Markus Bauer,80,70,80,90,NA
L2_15,2,L_244,4,south,land,4,0,30,4,dry_grassland,8,2018-04-13,2018-07-20,2019-06-21,2020-06-12,2021-07-07,Jakob Huber,Linda Weggler,Jakob Huber,Markus Bauer,85,80,70,60,NA
L2_16,2,L_242,4,south,land,4,0,30,2,hay_meadow,8,2018-04-13,2018-07-20,2019-06-21,2020-06-12,2021-07-07,Jakob Huber,Linda Weggler,Jakob Huber,Markus Bauer,80,80,85,70,NA
L2_17,2,L_254,4,south,land,5,25,30,4,dry_grassland,8,2018-04-13,2018-07-20,2019-06-21,2020-06-12,2021-07-07,Jakob Huber,Linda Weggler,Jakob Huber,Markus Bauer,65,80,80,70,NA
L2_18,2,L_251,4,south,land,5,25,30,1,hay_meadow,4,2018-04-13,2018-07-20,2019-06-21,2020-06-12,2021-07-07,Jakob Huber,Linda Weggler,Jakob Huber,Markus Bauer,50,70,65,80,NA
L2_19,2,L_253,4,south,land,5,25,30,3,dry_grassland,4,2018-04-13,2018-07-20,2019-06-20,2020-06-12,2021-07-07,Jakob Huber,Linda Weggler,Jakob Huber,Markus Bauer,30,60,55,80,NA
L2_20,2,L_252,4,south,land,5,25,30,2,hay_meadow,8,2018-04-13,2018-07-20,2019-06-20,2020-06-12,2021-07-07,Jakob Huber,Linda Weggler,Jakob Huber,Markus Bauer,75,70,75,80,NA
L2_21,2,L_261,4,south,land,6,50,30,1,hay_meadow,4,2018-04-13,2018-07-20,2019-06-20,2020-06-12,2021-07-07,Jakob Huber,Linda Weggler,Jakob Huber,Markus Bauer,70,60,75,90,NA
L2_22,2,L_262,4,south,land,6,50,30,2,hay_meadow,8,2018-04-13,2018-07-20,2019-06-20,2020-06-12,2021-07-07,Jakob Huber,Linda Weggler,Jakob Huber,Markus Bauer,55,60,65,60,NA
L2_23,2,L_263,4,south,land,6,50,30,3,dry_grassland,4,2018-04-13,2018-07-20,2019-06-20,2020-06-12,2021-07-07,Jakob Huber,Linda Weggler,Jakob Huber,Markus Bauer,60,70,60,70,NA
L2_24,2,L_264,4,south,land,6,50,30,4,dry_grassland,8,2018-04-13,2018-07-20,2019-06-20,2020-06-12,2021-07-07,Jakob Huber,Linda Weggler,Jakob Huber,Markus Bauer,75,60,80,70,NA
L3_01,3,L_311,4,south,land,1,0,15,1,hay_meadow,4,2018-04-13,2018-07-18,2019-06-19,2020-06-11,2021-07-08,Jakob Huber,Linda Weggler,Katharina Beck,Markus Bauer,25,80,70,80,NA
L3_02,3,L_314,4,south,land,1,0,15,4,dry_grassland,8,2018-04-13,2018-07-18,2019-06-19,2020-06-11,2021-07-08,Jakob Huber,Linda Weggler,Katharina Beck,Markus Bauer,20,85,75,80,NA
L3_03,3,L_312,4,south,land,1,0,15,2,hay_meadow,8,2018-04-13,2018-07-18,2019-06-19,2020-06-11,2021-07-08,Jakob Huber,Linda Weggler,Katharina Beck,Markus Bauer,20,70,70,70,NA
L3_04,3,L_313,4,south,land,1,0,15,3,dry_grassland,4,2018-04-13,2018-07-18,2019-06-19,2020-06-11,2021-07-08,Jakob Huber,Linda Weggler,Katharina Beck,Markus Bauer,25,70,75,80,NA
L3_05,3,L_322,4,south,land,2,25,15,2,hay_meadow,8,2018-04-13,2018-07-18,2019-06-19,2020-06-11,2021-07-08,Jakob Huber,Linda Weggler,Katharina Beck,Markus Bauer,25,70,65,70,NA
L3_06,3,L_321,4,south,land,2,25,15,1,hay_meadow,4,2018-04-13,2018-07-18,2019-06-19,2020-06-11,2021-07-08,Jakob Huber,Linda Weggler,Katharina Beck,Markus Bauer,20,50,55,60,NA
L3_07,3,L_323,4,south,land,2,25,15,3,dry_grassland,4,2018-04-13,2018-07-18,2019-06-19,2020-06-11,2021-07-08,Jakob Huber,Linda Weggler,Katharina Beck,Markus Bauer,25,70,60,80,NA
L3_08,3,L_324,4,south,land,2,25,15,4,dry_grassland,8,2018-04-13,2018-07-18,2019-06-19,2020-06-11,2021-07-08,Jakob Huber,Linda Weggler,Katharina Beck,Markus Bauer,20,70,65,60,NA
L3_09,3,L_334,4,south,land,3,50,15,4,dry_grassland,8,2018-04-13,2018-07-18,2019-06-20,2020-06-11,2021-07-08,Jakob Huber,Linda Weggler,Katharina Beck,Markus Bauer,45,70,65,70,NA
L3_10,3,L_332,4,south,land,3,50,15,2,hay_meadow,8,2018-04-13,2018-07-18,2019-06-20,2020-06-11,2021-07-08,Jakob Huber,Linda Weggler,Katharina Beck,Markus Bauer,70,50,60,50,NA
L3_11,3,L_333,4,south,land,3,50,15,3,dry_grassland,4,2018-04-13,2018-07-18,2019-06-20,2020-06-11,2021-07-08,Jakob Huber,Linda Weggler,Katharina Beck,Markus Bauer,20,50,50,50,NA
L3_12,3,L_331,4,south,land,3,50,15,1,hay_meadow,4,2018-04-13,2018-07-18,2019-06-20,2020-06-11,2021-07-08,Jakob Huber,Linda Weggler,Katharina Beck,Markus Bauer,20,50,50,60,NA
L3_13,3,L_341,4,south,land,4,0,30,1,hay_meadow,4,2018-04-13,2018-07-18,2019-06-20,2020-06-11,2021-07-08,Jakob Huber,Linda Weggler,Katharina Beck,Markus Bauer,40,80,75,70,NA
L3_14,3,L_344,4,south,land,4,0,30,4,dry_grassland,8,2018-04-13,2018-07-18,2019-06-20,2020-06-11,2021-07-08,Jakob Huber,Linda Weggler,Katharina Beck,Markus Bauer,30,70,75,70,NA
L3_15,3,L_342,4,south,land,4,0,30,2,hay_meadow,8,2018-04-13,2018-07-18,2019-06-20,2020-06-11,2021-07-08,Jakob Huber,Linda Weggler,Katharina Beck,Markus Bauer,45,70,80,80,NA
L3_16,3,L_343,4,south,land,4,0,30,3,dry_grassland,4,2018-04-13,2018-07-18,2019-06-20,2020-06-11,2021-07-08,Jakob Huber,Linda Weggler,Katharina Beck,Markus Bauer,40,70,75,70,NA
L3_17,3,L_353,4,south,land,5,25,30,3,dry_grassland,4,2018-04-13,2018-07-18,2019-06-20,2020-06-11,2021-07-08,Jakob Huber,Linda Weggler,Katharina Beck,Markus Bauer,55,85,80,70,NA
L3_18,3,L_354,4,south,land,5,25,30,4,dry_grassland,8,2018-04-13,2018-07-18,2019-06-20,2020-06-11,2021-07-08,Jakob Huber,Linda Weggler,Katharina Beck,Markus Bauer,55,70,75,80,NA
L3_19,3,L_351,4,south,land,5,25,30,1,hay_meadow,4,2018-04-13,2018-07-18,2019-06-20,2020-06-11,2021-07-08,Jakob Huber,Linda Weggler,Katharina Beck,Markus Bauer,50,80,80,80,NA
L3_20,3,L_352,4,south,land,5,25,30,2,hay_meadow,8,2018-04-13,2018-07-18,2019-06-20,2020-06-11,2021-07-08,Jakob Huber,Linda Weggler,Katharina Beck,Markus Bauer,70,80,80,80,NA
L3_21,3,L_361,4,south,land,6,50,30,1,hay_meadow,4,2018-04-13,2018-07-18,2019-06-20,2020-06-11,2021-07-08,Jakob Huber,Linda Weggler,Katharina Beck,Markus Bauer,60,70,75,70,NA
L3_22,3,L_364,4,south,land,6,50,30,4,dry_grassland,8,2018-04-13,2018-07-18,2019-06-20,2020-06-11,2021-07-08,Jakob Huber,Linda Weggler,Katharina Beck,Markus Bauer,70,70,70,70,NA
L3_23,3,L_362,4,south,land,6,50,30,2,hay_meadow,8,2018-04-13,2018-07-18,2019-06-20,2020-06-11,2021-07-08,Jakob Huber,Linda Weggler,Katharina Beck,Markus Bauer,75,70,80,70,NA
L3_24,3,L_363,4,south,land,6,50,30,3,dry_grassland,4,2018-04-13,2018-07-18,2019-06-20,2020-06-11,2021-07-08,Jakob Huber,Linda Weggler,Katharina Beck,Markus Bauer,50,70,70,80,NA
L4_01,4,L_413,4,south,land,1,0,15,3,dry_grassland,4,2018-04-13,2018-07-19,2019-06-20,2020-06-12,2021-07-09,Jakob Huber,Linda Weggler,Katharina Beck,Markus Bauer,50,60,65,80,NA
L4_02,4,L_414,4,south,land,1,0,15,4,dry_grassland,8,2018-04-13,2018-07-19,2019-06-20,2020-06-12,2021-07-09,Jakob Huber,Linda Weggler,Katharina Beck,Markus Bauer,40,80,85,70,NA
L4_03,4,L_412,4,south,land,1,0,15,2,hay_meadow,8,2018-04-13,2018-07-19,2019-06-20,2020-06-12,2021-07-09,Jakob Huber,Linda Weggler,Katharina Beck,Markus Bauer,25,60,65,70,NA
L4_04,4,L_411,4,south,land,1,0,15,1,hay_meadow,4,2018-04-13,2018-07-19,2019-06-20,2020-06-12,2021-07-09,Jakob Huber,Linda Weggler,Katharina Beck,Markus Bauer,20,60,60,70,NA
L4_05,4,L_424,4,south,land,2,25,15,4,dry_grassland,8,2018-04-13,2018-07-19,2019-06-20,2020-06-12,2021-07-09,Jakob Huber,Linda Weggler,Katharina Beck,Markus Bauer,25,60,40,50,NA
L4_06,4,L_421,4,south,land,2,25,15,1,hay_meadow,4,2018-04-13,2018-07-19,2019-06-20,2020-06-12,2021-07-09,Jakob Huber,Linda Weggler,Katharina Beck,Markus Bauer,35,60,50,60,NA
L4_07,4,L_423,4,south,land,2,25,15,3,dry_grassland,4,2018-04-13,2018-07-19,2019-06-20,2020-06-12,2021-07-09,Jakob Huber,Linda Weggler,Katharina Beck,Markus Bauer,30,60,55,50,NA
L4_08,4,L_422,4,south,land,2,25,15,2,hay_meadow,8,2018-04-13,2018-07-19,2019-06-20,2020-06-12,2021-07-09,Jakob Huber,Linda Weggler,Katharina Beck,Markus Bauer,45,60,60,60,NA
L4_09,4,L_432,4,south,land,3,50,15,2,hay_meadow,8,2018-04-13,2018-07-19,2019-06-20,2020-06-12,2021-07-09,Jakob Huber,Linda Weggler,Katharina Beck,Markus Bauer,55,60,65,70,NA
L4_10,4,L_434,4,south,land,3,50,15,4,dry_grassland,8,2018-04-13,2018-07-19,2019-06-20,2020-06-12,2021-07-09,Jakob Huber,Linda Weggler,Katharina Beck,Markus Bauer,45,60,40,70,NA
L4_11,4,L_433,4,south,land,3,50,15,3,dry_grassland,4,2018-04-13,2018-07-19,2019-06-20,2020-06-12,2021-07-09,Jakob Huber,Linda Weggler,Katharina Beck,Markus Bauer,45,60,45,70,NA
L4_12,4,L_431,4,south,land,3,50,15,1,hay_meadow,4,2018-04-13,2018-07-19,2019-06-20,2020-06-12,2021-07-09,Jakob Huber,Linda Weggler,Katharina Beck,Markus Bauer,25,40,40,60,NA
L4_13,4,L_442,4,south,land,4,0,30,2,hay_meadow,8,2018-04-13,2018-07-19,2019-06-20,2020-06-12,2021-07-09,Jakob Huber,Linda Weggler,Katharina Beck,Markus Bauer,45,70,80,80,NA
L4_14,4,L_443,4,south,land,4,0,30,3,dry_grassland,4,2018-04-13,2018-07-19,2019-06-20,2020-06-12,2021-07-09,Jakob Huber,Linda Weggler,Katharina Beck,Markus Bauer,55,70,70,70,NA
L4_15,4,L_444,4,south,land,4,0,30,4,dry_grassland,8,2018-04-13,2018-07-19,2019-06-20,2020-06-12,2021-07-09,Jakob Huber,Linda Weggler,Katharina Beck,Markus Bauer,60,80,80,90,NA
L4_16,4,L_441,4,south,land,4,0,30,1,hay_meadow,4,2018-04-13,2018-07-19,2019-06-20,2020-06-12,2021-07-09,Jakob Huber,Linda Weggler,Katharina Beck,Markus Bauer,30,70,65,90,NA
L4_17,4,L_451,4,south,land,5,25,30,1,hay_meadow,4,2018-04-13,2018-07-19,2019-06-20,2020-06-12,2021-07-09,Jakob Huber,Linda Weggler,Katharina Beck,Markus Bauer,35,65,50,70,NA
L4_18,4,L_452,4,south,land,5,25,30,2,hay_meadow,8,2018-04-13,2018-07-19,2019-06-20,2020-06-12,2021-07-09,Jakob Huber,Linda Weggler,Katharina Beck,Markus Bauer,60,70,55,70,NA
L4_19,4,L_453,4,south,land,5,25,30,3,dry_grassland,4,2018-04-13,2018-07-19,2019-06-20,2020-06-12,2021-07-09,Jakob Huber,Linda Weggler,Katharina Beck,Markus Bauer,40,70,55,60,NA
L4_20,4,L_454,4,south,land,5,25,30,4,dry_grassland,8,2018-04-13,2018-07-19,2019-06-20,2020-06-12,2021-07-09,Jakob Huber,Linda Weggler,Katharina Beck,Markus Bauer,40,70,55,70,NA
L4_21,4,L_464,4,south,land,6,50,30,4,dry_grassland,8,2018-04-13,2018-07-19,2019-06-20,2020-06-12,2021-07-09,Jakob Huber,Linda Weggler,Katharina Beck,Markus Bauer,30,60,55,70,NA
L4_22,4,L_461,4,south,land,6,50,30,1,hay_meadow,4,2018-04-13,2018-07-19,2019-06-20,2020-06-12,2021-07-09,Jakob Huber,Linda Weggler,Katharina Beck,Markus Bauer,20,60,55,70,NA
L4_23,4,L_462,4,south,land,6,50,30,2,hay_meadow,8,2018-04-13,2018-07-19,2019-06-20,2020-06-12,2021-07-09,Jakob Huber,Linda Weggler,Katharina Beck,Markus Bauer,35,60,50,70,NA
L4_24,4,L_463,4,south,land,6,50,30,3,dry_grassland,4,2018-04-13,2018-07-19,2019-06-20,2020-06-12,2021-07-09,Jakob Huber,Linda Weggler,Katharina Beck,Markus Bauer,20,50,45,70,NA
L5_01,5,L_513,4,south,land,1,0,15,3,dry_grassland,4,2018-04-13,2018-07-19,2019-06-18,2020-06-11,2021-07-15,Simon Reith,Markus Bauer,Jakob Huber,Markus Bauer,50,95,80,80,NA
L5_02,5,L_511,4,south,land,1,0,15,1,hay_meadow,4,2018-04-13,2018-07-19,2019-06-18,2020-06-11,2021-07-15,Simon Reith,Markus Bauer,Jakob Huber,Markus Bauer,20,60,70,60,NA
L5_03,5,L_514,4,south,land,1,0,15,4,dry_grassland,8,2018-04-13,2018-07-19,2019-06-18,2020-06-11,2021-07-15,Simon Reith,Markus Bauer,Jakob Huber,Markus Bauer,15,50,60,50,NA
L5_04,5,L_512,4,south,land,1,0,15,2,hay_meadow,8,2018-04-13,2018-07-19,2019-06-18,2020-06-11,2021-07-15,Simon Reith,Markus Bauer,Jakob Huber,Markus Bauer,15,50,60,70,NA
L5_05,5,L_522,4,south,land,2,25,15,2,hay_meadow,8,2018-04-13,2018-07-19,2019-06-18,2020-06-11,2021-07-15,Simon Reith,Markus Bauer,Jakob Huber,Markus Bauer,10,60,65,70,NA
L5_06,5,L_523,4,south,land,2,25,15,3,dry_grassland,4,2018-04-13,2018-07-19,2019-06-18,2020-06-11,2021-07-15,Simon Reith,Markus Bauer,Jakob Huber,Markus Bauer,15,70,70,60,NA
L5_07,5,L_524,4,south,land,2,25,15,4,dry_grassland,8,2018-04-13,2018-07-19,2019-06-18,2020-06-11,2021-07-15,Simon Reith,Markus Bauer,Jakob Huber,Markus Bauer,20,55,70,70,NA
L5_08,5,L_521,4,south,land,2,25,15,1,hay_meadow,4,2018-04-13,2018-07-19,2019-06-18,2020-06-11,2021-07-15,Simon Reith,Markus Bauer,Jakob Huber,Markus Bauer,15,85,80,80,NA
L5_09,5,L_532,4,south,land,3,50,15,2,hay_meadow,8,2018-04-13,2018-07-19,2019-06-18,2020-06-11,2021-07-15,Simon Reith,Markus Bauer,Jakob Huber,Markus Bauer,30,30,55,50,NA
L5_10,5,L_534,4,south,land,3,50,15,4,dry_grassland,8,2018-04-13,2018-07-19,2019-06-18,2020-06-11,2021-07-15,Simon Reith,Markus Bauer,Jakob Huber,Markus Bauer,40,80,70,80,NA
L5_11,5,L_533,4,south,land,3,50,15,3,dry_grassland,4,2018-04-13,2018-07-19,2019-06-18,2020-06-11,2021-07-15,Simon Reith,Markus Bauer,Jakob Huber,Markus Bauer,40,45,80,80,NA
L5_12,5,L_531,4,south,land,3,50,15,1,hay_meadow,4,2018-04-13,2018-07-19,2019-06-18,2020-06-11,2021-07-15,Simon Reith,Markus Bauer,Jakob Huber,Markus Bauer,35,45,80,80,NA
L5_13,5,L_541,4,south,land,4,0,30,1,hay_meadow,4,2018-04-13,2018-07-19,2019-06-18,2020-06-11,2021-07-15,Simon Reith,Markus Bauer,Jakob Huber,Markus Bauer,40,85,80,70,NA
L5_14,5,L_544,4,south,land,4,0,30,4,dry_grassland,8,2018-04-13,2018-07-19,2019-06-18,2020-06-11,2021-07-15,Simon Reith,Markus Bauer,Jakob Huber,Markus Bauer,25,90,80,80,NA
L5_15,5,L_543,4,south,land,4,0,30,3,dry_grassland,4,2018-04-13,2018-07-19,2019-06-18,2020-06-11,2021-07-15,Simon Reith,Markus Bauer,Jakob Huber,Markus Bauer,30,75,80,70,NA
L5_16,5,L_542,4,south,land,4,0,30,2,hay_meadow,8,2018-04-13,2018-07-19,2019-06-18,2020-06-11,2021-07-15,Simon Reith,Markus Bauer,Jakob Huber,Markus Bauer,15,70,80,70,NA
L5_17,5,L_551,4,south,land,5,25,30,1,hay_meadow,4,2018-04-13,2018-07-19,2019-06-18,2020-06-11,2021-07-15,Simon Reith,Markus Bauer,Jakob Huber,Markus Bauer,50,85,85,60,NA
L5_18,5,L_553,4,south,land,5,25,30,3,dry_grassland,4,2018-04-13,2018-07-19,2019-06-18,2020-06-11,2021-07-15,Simon Reith,Markus Bauer,Jakob Huber,Markus Bauer,50,85,75,70,NA
L5_19,5,L_552,4,south,land,5,25,30,2,hay_meadow,8,2018-04-13,2018-07-19,2019-06-18,2020-06-11,2021-07-15,Simon Reith,Markus Bauer,Jakob Huber,Markus Bauer,45,75,75,80,NA
L5_20,5,L_554,4,south,land,5,25,30,4,dry_grassland,8,2018-04-13,2018-07-19,2019-06-18,2020-06-11,2021-07-15,Simon Reith,Markus Bauer,Jakob Huber,Markus Bauer,70,90,80,70,NA
L5_21,5,L_563,4,south,land,6,50,30,3,dry_grassland,4,2018-04-13,2018-07-19,2019-06-18,2020-06-11,2021-07-15,Simon Reith,Markus Bauer,Jakob Huber,Markus Bauer,70,70,75,70,NA
L5_22,5,L_561,4,south,land,6,50,30,1,hay_meadow,4,2018-04-13,2018-07-19,2019-06-18,2020-06-11,2021-07-15,Simon Reith,Markus Bauer,Jakob Huber,Markus Bauer,60,55,65,70,NA
L5_23,5,L_564,4,south,land,6,50,30,4,dry_grassland,8,2018-04-13,2018-07-19,2019-06-18,2020-06-11,2021-07-15,Simon Reith,Markus Bauer,Jakob Huber,Markus Bauer,40,75,80,70,NA
L5_24,5,L_562,4,south,land,6,50,30,2,hay_meadow,8,2018-04-13,2018-07-19,2019-06-18,2020-06-08,2021-07-15,Simon Reith,Markus Bauer,Jakob Huber,Markus Bauer,35,40,60,70,NA
L6_01,6,L_614,4,south,land,1,0,15,4,dry_grassland,8,2018-04-13,2018-07-18,2019-06-18,2020-06-08,2021-07-15,Simon Reith,Markus Bauer,Katharina Beck,Markus Bauer,10,50,70,80,NA
L6_02,6,L_612,4,south,land,1,0,15,2,hay_meadow,8,2018-04-13,2018-07-18,2019-06-18,2020-06-08,2021-07-15,Simon Reith,Markus Bauer,Katharina Beck,Markus Bauer,10,45,55,70,NA
L6_03,6,L_613,4,south,land,1,0,15,3,dry_grassland,4,2018-04-13,2018-07-18,2019-06-18,2020-06-08,2021-07-15,Simon Reith,Markus Bauer,Katharina Beck,Markus Bauer,55,65,70,70,NA
L6_04,6,L_611,4,south,land,1,0,15,1,hay_meadow,4,2018-04-13,2018-07-18,2019-06-18,2020-06-08,2021-07-15,Simon Reith,Markus Bauer,Katharina Beck,Markus Bauer,30,45,60,70,NA
L6_05,6,L_623,4,south,land,2,25,15,3,dry_grassland,4,2018-04-13,2018-07-18,2019-06-19,2020-06-08,2021-07-15,Simon Reith,Linda Weggler,Katharina Beck,Markus Bauer,25,50,55,50,NA
L6_06,6,L_624,4,south,land,2,25,15,4,dry_grassland,8,2018-04-13,2018-07-18,2019-06-19,2020-06-08,2021-07-15,Simon Reith,Linda Weggler,Katharina Beck,Markus Bauer,40,60,60,60,NA
L6_07,6,L_621,4,south,land,2,25,15,1,hay_meadow,4,2018-04-13,2018-07-18,2019-06-19,2020-06-08,2021-07-15,Simon Reith,Linda Weggler,Katharina Beck,Markus Bauer,20,60,65,60,NA
L6_08,6,L_622,4,south,land,2,25,15,2,hay_meadow,8,2018-04-13,2018-07-18,2019-06-19,2020-06-08,2021-07-15,Simon Reith,Linda Weggler,Katharina Beck,Markus Bauer,15,60,70,70,NA
L6_09,6,L_631,4,south,land,3,50,15,1,hay_meadow,4,2018-04-13,2018-07-18,2019-06-19,2020-06-08,2021-07-15,Simon Reith,Linda Weggler,Katharina Beck,Markus Bauer,50,40,65,60,NA
L6_10,6,L_633,4,south,land,3,50,15,3,dry_grassland,4,2018-04-13,2018-07-18,2019-06-19,2020-06-08,2021-07-15,Simon Reith,Linda Weggler,Katharina Beck,Markus Bauer,70,85,85,70,NA
L6_11,6,L_632,4,south,land,3,50,15,2,hay_meadow,8,2018-04-13,2018-07-18,2019-06-19,2020-06-08,2021-07-15,Simon Reith,Linda Weggler,Katharina Beck,Markus Bauer,20,60,65,70,NA
L6_12,6,L_634,4,south,land,3,50,15,4,dry_grassland,8,2018-04-13,2018-07-18,2019-06-19,2020-06-08,2021-07-15,Simon Reith,Linda Weggler,Katharina Beck,Markus Bauer,70,85,80,70,NA
L6_13,6,L_644,4,south,land,4,0,30,4,dry_grassland,8,2018-04-13,2018-07-18,2019-06-19,2020-06-08,2021-07-15,Simon Reith,Linda Weggler,Katharina Beck,Markus Bauer,25,70,65,70,NA
L6_14,6,L_642,4,south,land,4,0,30,2,hay_meadow,8,2018-04-13,2018-07-18,2019-06-19,2020-06-08,2021-07-15,Simon Reith,Linda Weggler,Katharina Beck,Markus Bauer,20,60,55,70,NA
L6_15,6,L_641,4,south,land,4,0,30,1,hay_meadow,4,2018-04-13,2018-07-18,2019-06-19,2020-06-08,2021-07-15,Simon Reith,Linda Weggler,Katharina Beck,Markus Bauer,20,60,75,70,NA
L6_16,6,L_643,4,south,land,4,0,30,3,dry_grassland,4,2018-04-13,2018-07-18,2019-06-19,2020-06-08,2021-07-15,Simon Reith,Linda Weggler,Katharina Beck,Markus Bauer,25,60,80,70,NA
L6_17,6,L_651,4,south,land,5,25,30,1,hay_meadow,4,2018-04-13,2018-07-18,2019-06-19,2020-06-08,2021-07-15,Simon Reith,Linda Weggler,Katharina Beck,Markus Bauer,20,60,70,70,NA
L6_18,6,L_654,4,south,land,5,25,30,4,dry_grassland,8,2018-04-13,2018-07-18,2019-06-19,2020-06-08,2021-07-15,Simon Reith,Linda Weggler,Katharina Beck,Markus Bauer,20,60,65,70,NA
L6_19,6,L_652,4,south,land,5,25,30,2,hay_meadow,8,2018-04-13,2018-07-18,2019-06-19,2020-06-08,2021-07-15,Simon Reith,Linda Weggler,Katharina Beck,Markus Bauer,25,60,60,70,NA
L6_20,6,L_653,4,south,land,5,25,30,3,dry_grassland,4,2018-04-13,2018-07-18,2019-06-19,2020-06-08,2021-07-15,Simon Reith,Linda Weggler,Katharina Beck,Markus Bauer,35,70,65,60,NA
L6_21,6,L_663,4,south,land,6,50,30,3,dry_grassland,4,2018-04-13,2018-07-18,2019-06-19,2020-06-08,2021-07-15,Simon Reith,Linda Weggler,Katharina Beck,Markus Bauer,75,80,70,80,NA
L6_22,6,L_662,4,south,land,6,50,30,2,hay_meadow,8,2018-04-13,2018-07-18,2019-06-19,2020-06-08,2021-07-15,Simon Reith,Linda Weggler,Katharina Beck,Markus Bauer,75,70,60,80,NA
L6_23,6,L_664,4,south,land,6,50,30,4,dry_grassland,8,2018-04-13,2018-07-18,2019-06-19,2020-06-08,2021-07-15,Simon Reith,Linda Weggler,Katharina Beck,Markus Bauer,80,90,70,80,NA
L6_24,6,L_661,4,south,land,6,50,30,1,hay_meadow,4,2018-04-13,2018-07-18,2019-06-19,2020-06-08,2021-07-15,Simon Reith,Linda Weggler,Katharina Beck,Markus Bauer,60,70,60,80,NA
W1_01,1,W_113,4,north,water,1,0,15,3,dry_grassland,4,2018-04-27,2018-07-21,2019-06-26,2020-06-13,2021-07-06,Simon Reith,Jakob Huber,Katharina Beck,Markus Bauer,70,70,90,100,181
W1_02,1,W_114,4,north,water,1,0,15,4,dry_grassland,8,2018-04-27,2018-07-21,2019-06-26,2020-06-13,2021-07-06,Simon Reith,Jakob Huber,Katharina Beck,Markus Bauer,60,85,90,100,1180
W1_03,1,W_111,4,north,water,1,0,15,1,hay_meadow,4,2018-04-27,2018-07-21,2019-06-26,2020-06-13,2021-07-06,Simon Reith,Jakob Huber,Katharina Beck,Markus Bauer,65,90,90,100,313
W1_04,1,W_112,4,north,water,1,0,15,2,hay_meadow,8,2018-04-27,2018-07-21,2019-06-26,2020-06-13,2021-07-06,Simon Reith,Jakob Huber,Katharina Beck,Markus Bauer,65,85,90,100,299
W1_05,1,W_122,4,north,water,2,25,15,2,hay_meadow,8,2018-04-27,2018-07-21,2019-06-26,2020-06-13,2021-07-06,Simon Reith,Jakob Huber,Katharina Beck,Markus Bauer,60,85,80,100,203
W1_06,1,W_124,4,north,water,2,25,15,4,dry_grassland,8,2018-04-27,2018-07-21,2019-06-26,2020-06-13,2021-07-06,Simon Reith,Jakob Huber,Katharina Beck,Markus Bauer,60,90,95,100,411
W1_07,1,W_121,4,north,water,2,25,15,1,hay_meadow,4,2018-04-27,2018-07-21,2019-06-26,2020-06-13,2021-07-06,Simon Reith,Jakob Huber,Katharina Beck,Markus Bauer,50,75,85,100,201
W1_08,1,W_123,4,north,water,2,25,15,3,dry_grassland,4,2018-04-27,2018-07-21,2019-06-26,2020-06-13,2021-07-06,Simon Reith,Jakob Huber,Katharina Beck,Markus Bauer,45,85,75,90,203
W1_09,1,W_134,4,north,water,3,50,15,4,dry_grassland,8,2018-04-27,2018-07-21,2019-06-26,2020-06-13,2021-07-06,Simon Reith,Jakob Huber,Katharina Beck,Markus Bauer,50,85,70,90,244
W1_10,1,W_132,4,north,water,3,50,15,2,hay_meadow,8,2018-04-27,2018-07-21,2019-06-26,2020-06-13,2021-07-06,Simon Reith,Jakob Huber,Katharina Beck,Markus Bauer,60,75,85,90,150
W1_11,1,W_133,4,north,water,3,50,15,3,dry_grassland,4,2018-04-27,2018-07-21,2019-06-26,2020-06-13,2021-07-06,Simon Reith,Jakob Huber,Katharina Beck,Markus Bauer,50,75,90,80,267
W1_12,1,W_131,4,north,water,3,50,15,1,hay_meadow,4,2018-04-27,2018-07-21,2019-06-26,2020-06-13,2021-07-06,Simon Reith,Jakob Huber,Katharina Beck,Markus Bauer,45,65,65,90,127
W1_13,1,W_141,4,north,water,4,0,30,1,hay_meadow,4,2018-04-27,2018-07-21,2019-06-26,2020-06-13,2021-07-06,Simon Reith,Jakob Huber,Katharina Beck,Markus Bauer,65,75,70,80,383
W1_14,1,W_143,4,north,water,4,0,30,3,dry_grassland,4,2018-04-27,2018-07-21,2019-06-26,2020-06-13,2021-07-06,Simon Reith,Jakob Huber,Katharina Beck,Markus Bauer,65,70,75,90,154
W1_15,1,W_144,4,north,water,4,0,30,4,dry_grassland,8,2018-04-27,2018-07-21,2019-06-26,2020-06-13,2021-07-06,Simon Reith,Jakob Huber,Katharina Beck,Markus Bauer,50,70,70,80,103
W1_16,1,W_142,4,north,water,4,0,30,2,hay_meadow,8,2018-04-27,2018-07-21,2019-06-26,2020-06-13,2021-07-06,Simon Reith,Jakob Huber,Katharina Beck,Markus Bauer,50,80,70,90,185
W1_17,1,W_153,4,north,water,5,25,30,3,dry_grassland,4,2018-04-27,2018-07-21,2019-06-26,2020-06-13,2021-07-06,Simon Reith,Jakob Huber,Katharina Beck,Markus Bauer,40,70,80,90,220
W1_18,1,W_154,4,north,water,5,25,30,4,dry_grassland,8,2018-04-27,2018-07-21,2019-06-26,2020-06-13,2021-07-06,Simon Reith,Jakob Huber,Katharina Beck,Markus Bauer,35,75,90,90,147
W1_19,1,W_151,4,north,water,5,25,30,1,hay_meadow,4,2018-04-27,2018-07-21,2019-06-26,2020-06-13,2021-07-06,Simon Reith,Jakob Huber,Katharina Beck,Markus Bauer,30,80,60,90,86
W1_20,1,W_152,4,north,water,5,25,30,2,hay_meadow,8,2018-04-27,2018-07-21,2019-06-26,2020-06-13,2021-07-06,Simon Reith,Jakob Huber,Katharina Beck,Markus Bauer,40,75,75,90,143
W1_21,1,W_164,4,north,water,6,50,30,4,dry_grassland,8,2018-04-27,2018-07-21,2019-06-26,2020-06-13,2021-07-05,Simon Reith,Jakob Huber,Katharina Beck,Markus Bauer,30,85,75,100,221
W1_22,1,W_162,4,north,water,6,50,30,2,hay_meadow,8,2018-04-27,2018-07-21,2019-06-26,2020-06-13,2021-07-05,Simon Reith,Jakob Huber,Katharina Beck,Markus Bauer,35,80,80,90,96
W1_23,1,W_163,4,north,water,6,50,30,3,dry_grassland,4,2018-04-27,2018-07-21,2019-06-26,2020-06-13,2021-07-05,Simon Reith,Jakob Huber,Katharina Beck,Markus Bauer,35,75,80,90,317
W1_24,1,W_161,4,north,water,6,50,30,1,hay_meadow,4,2018-04-27,2018-07-21,2019-06-26,2020-06-13,2021-07-05,Simon Reith,Jakob Huber,Katharina Beck,Markus Bauer,30,80,80,90,154
W2_01,2,W_213,4,north,water,1,0,15,3,dry_grassland,4,2018-04-27,2018-07-20,2019-06-21,2020-06-12,2021-07-07,Jakob Huber,Jakob Huber,Jakob Huber,Markus Bauer,80,75,90,100,137
W2_02,2,W_211,4,north,water,1,0,15,1,hay_meadow,4,2018-04-27,2018-07-20,2019-06-21,2020-06-12,2021-07-07,Jakob Huber,Jakob Huber,Jakob Huber,Markus Bauer,80,85,90,100,256
W2_03,2,W_212,4,north,water,1,0,15,2,hay_meadow,8,2018-04-27,2018-07-20,2019-06-21,2020-06-12,2021-07-07,Jakob Huber,Jakob Huber,Jakob Huber,Markus Bauer,80,90,85,100,202
W2_04,2,W_214,4,north,water,1,0,15,4,dry_grassland,8,2018-04-27,2018-07-20,2019-06-21,2020-06-12,2021-07-07,Jakob Huber,Jakob Huber,Jakob Huber,Markus Bauer,75,80,90,100,209
W2_05,2,W_222,4,north,water,2,25,15,2,hay_meadow,8,2018-04-27,2018-07-20,2019-06-21,2020-06-13,2021-07-07,Jakob Huber,Jakob Huber,Jakob Huber,Markus Bauer,80,90,80,90,210
W2_06,2,W_224,4,north,water,2,25,15,4,dry_grassland,8,2018-04-27,2018-07-20,2019-06-21,2020-06-13,2021-07-07,Jakob Huber,Jakob Huber,Jakob Huber,Markus Bauer,60,90,90,90,262
W2_07,2,W_221,4,north,water,2,25,15,1,hay_meadow,4,2018-04-27,2018-07-20,2019-06-21,2020-06-13,2021-07-07,Jakob Huber,Jakob Huber,Jakob Huber,Markus Bauer,50,70,80,90,144
W2_08,2,W_223,4,north,water,2,25,15,3,dry_grassland,4,2018-04-27,2018-07-20,2019-06-21,2020-06-13,2021-07-07,Jakob Huber,Jakob Huber,Jakob Huber,Markus Bauer,45,85,80,100,220
W2_09,2,W_233,4,north,water,3,50,15,3,dry_grassland,4,2018-04-27,2018-07-20,2019-06-21,2020-06-13,2021-07-07,Jakob Huber,Jakob Huber,Jakob Huber,Markus Bauer,85,95,85,90,200
W2_10,2,W_231,4,north,water,3,50,15,1,hay_meadow,4,2018-04-27,2018-07-20,2019-06-21,2020-06-13,2021-07-07,Jakob Huber,Jakob Huber,Jakob Huber,Markus Bauer,75,80,75,90,169
W2_11,2,W_234,4,north,water,3,50,15,4,dry_grassland,8,2018-04-27,2018-07-20,2019-06-21,2020-06-13,2021-07-07,Jakob Huber,Jakob Huber,Jakob Huber,Markus Bauer,75,90,90,100,310
W2_12,2,W_232,4,north,water,3,50,15,2,hay_meadow,8,2018-04-27,2018-07-20,2019-06-21,2020-06-13,2021-07-07,Jakob Huber,Jakob Huber,Jakob Huber,Markus Bauer,85,90,85,90,392
W2_13,2,W_241,4,north,water,4,0,30,1,hay_meadow,4,2018-04-27,2018-07-20,2019-06-21,2020-06-13,2021-07-07,Jakob Huber,Jakob Huber,Jakob Huber,Markus Bauer,85,70,85,90,174
W2_14,2,W_244,4,north,water,4,0,30,4,dry_grassland,8,2018-04-27,2018-07-20,2019-06-21,2020-06-13,2021-07-07,Jakob Huber,Jakob Huber,Jakob Huber,Markus Bauer,85,75,80,90,178
W2_15,2,W_242,4,north,water,4,0,30,2,hay_meadow,8,2018-04-27,2018-07-20,2019-06-21,2020-06-13,2021-07-07,Jakob Huber,Jakob Huber,Jakob Huber,Markus Bauer,75,70,80,90,98
W2_16,2,W_243,4,north,water,4,0,30,3,dry_grassland,4,2018-04-27,2018-07-20,2019-06-21,2020-06-13,2021-07-07,Jakob Huber,Jakob Huber,Jakob Huber,Markus Bauer,80,70,85,90,155
W2_17,2,W_251,4,north,water,5,25,30,1,hay_meadow,4,2018-04-27,2018-07-20,2019-06-21,2020-06-13,2021-07-08,Jakob Huber,Jakob Huber,Jakob Huber,Markus Bauer,55,75,80,90,214
W2_18,2,W_254,4,north,water,5,25,30,4,dry_grassland,8,2018-04-27,2018-07-20,2019-06-21,2020-06-13,2021-07-08,Jakob Huber,Jakob Huber,Jakob Huber,Markus Bauer,45,90,80,90,935
W2_19,2,W_252,4,north,water,5,25,30,2,hay_meadow,8,2018-04-27,2018-07-20,2019-06-21,2020-06-13,2021-07-08,Jakob Huber,Jakob Huber,Jakob Huber,Markus Bauer,65,85,85,90,138
W2_20,2,W_253,4,north,water,5,25,30,3,dry_grassland,4,2018-04-27,2018-07-20,2019-06-21,2020-06-13,2021-07-08,Jakob Huber,Jakob Huber,Jakob Huber,Markus Bauer,65,80,80,90,237
W2_21,2,W_261,4,north,water,6,50,30,1,hay_meadow,4,2018-04-27,2018-07-20,2019-06-21,2020-06-13,2021-07-08,Jakob Huber,Jakob Huber,Jakob Huber,Markus Bauer,65,65,80,70,62
W2_22,2,W_264,4,north,water,6,50,30,4,dry_grassland,8,2018-04-27,2018-07-20,2019-06-21,2020-06-13,2021-07-08,Jakob Huber,Jakob Huber,Jakob Huber,Markus Bauer,65,90,85,90,385
W2_23,2,W_263,4,north,water,6,50,30,3,dry_grassland,4,2018-04-27,2018-07-20,2019-06-21,2020-06-13,2021-07-08,Jakob Huber,Jakob Huber,Jakob Huber,Markus Bauer,65,80,80,90,676
W2_24,2,W_262,4,north,water,6,50,30,2,hay_meadow,8,2018-04-27,2018-07-20,2019-06-21,2020-06-13,2021-07-08,Jakob Huber,Jakob Huber,Jakob Huber,Markus Bauer,70,55,80,90,99
W3_01,3,W_312,4,north,water,1,0,15,2,hay_meadow,8,2018-04-27,2018-07-18,2019-06-19,2020-06-12,2021-07-08,Jakob Huber,Jakob Huber,Katharina Beck,Markus Bauer,25,50,80,90,160
W3_02,3,W_311,4,north,water,1,0,15,1,hay_meadow,4,2018-04-27,2018-07-18,2019-06-19,2020-06-12,2021-07-08,Jakob Huber,Jakob Huber,Katharina Beck,Markus Bauer,20,80,90,80,358
W3_03,3,W_313,4,north,water,1,0,15,3,dry_grassland,4,2018-04-27,2018-07-18,2019-06-19,2020-06-12,2021-07-08,Jakob Huber,Jakob Huber,Katharina Beck,Markus Bauer,20,85,90,80,109
W3_04,3,W_314,4,north,water,1,0,15,4,dry_grassland,8,2018-04-27,2018-07-18,2019-06-19,2020-06-12,2021-07-09,Jakob Huber,Jakob Huber,Katharina Beck,Markus Bauer,25,90,70,90,377
W3_05,3,W_324,4,north,water,2,25,15,4,dry_grassland,8,2018-04-27,2018-07-18,2019-06-20,2020-06-12,2021-07-09,Jakob Huber,Jakob Huber,Katharina Beck,Markus Bauer,25,80,90,90,323
W3_06,3,W_322,4,north,water,2,25,15,2,hay_meadow,8,2018-04-27,2018-07-18,2019-06-20,2020-06-12,2021-07-09,Jakob Huber,Jakob Huber,Katharina Beck,Markus Bauer,20,80,80,90,337
W3_07,3,W_323,4,north,water,2,25,15,3,dry_grassland,4,2018-04-27,2018-07-18,2019-06-20,2020-06-12,2021-07-09,Jakob Huber,Jakob Huber,Katharina Beck,Markus Bauer,25,80,75,90,367
W3_08,3,W_321,4,north,water,2,25,15,1,hay_meadow,4,2018-04-27,2018-07-18,2019-06-20,2020-06-12,2021-07-09,Jakob Huber,Jakob Huber,Katharina Beck,Markus Bauer,20,80,70,80,505
W3_09,3,W_332,4,north,water,3,50,15,2,hay_meadow,8,2018-04-27,2018-07-18,2019-06-20,2020-06-12,2021-07-09,Jakob Huber,Jakob Huber,Katharina Beck,Markus Bauer,60,75,85,80,304
W3_10,3,W_331,4,north,water,3,50,15,1,hay_meadow,4,2018-04-27,2018-07-18,2019-06-20,2020-06-12,2021-07-09,Jakob Huber,Jakob Huber,Katharina Beck,Markus Bauer,70,70,85,80,364
W3_11,3,W_333,4,north,water,3,50,15,3,dry_grassland,4,2018-04-27,2018-07-18,2019-06-20,2020-06-12,2021-07-09,Jakob Huber,Jakob Huber,Katharina Beck,Markus Bauer,20,75,70,80,224
W3_12,3,W_334,4,north,water,3,50,15,4,dry_grassland,8,2018-04-27,2018-07-18,2019-06-20,2020-06-12,2021-07-09,Jakob Huber,Jakob Huber,Katharina Beck,Markus Bauer,20,85,75,80,401
W3_13,3,W_342,4,north,water,4,0,30,2,hay_meadow,8,2018-04-27,2018-07-18,2019-06-20,2020-06-12,2021-07-09,Jakob Huber,Jakob Huber,Katharina Beck,Markus Bauer,50,75,80,80,237
W3_14,3,W_341,4,north,water,4,0,30,1,hay_meadow,4,2018-04-27,2018-07-18,2019-06-20,2020-06-12,2021-07-09,Jakob Huber,Jakob Huber,Katharina Beck,Markus Bauer,30,75,75,80,120
W3_15,3,W_343,4,north,water,4,0,30,3,dry_grassland,4,2018-04-27,2018-07-18,2019-06-20,2020-06-12,2021-07-09,Jakob Huber,Jakob Huber,Katharina Beck,Markus Bauer,45,80,85,80,119
W3_16,3,W_344,4,north,water,4,0,30,4,dry_grassland,8,2018-04-27,2018-07-18,2019-06-20,2020-06-12,2021-07-09,Jakob Huber,Jakob Huber,Katharina Beck,Markus Bauer,40,75,90,80,1005
W3_17,3,W_354,4,north,water,5,25,30,4,dry_grassland,8,2018-04-27,2018-07-18,2019-06-20,2020-06-12,2021-07-09,Jakob Huber,Jakob Huber,Katharina Beck,Markus Bauer,55,90,90,90,308
W3_18,3,W_352,4,north,water,5,25,30,2,hay_meadow,8,2018-04-27,2018-07-18,2019-06-20,2020-06-12,2021-07-09,Jakob Huber,Jakob Huber,Katharina Beck,Markus Bauer,55,90,85,90,208
W3_19,3,W_353,4,north,water,5,25,30,3,dry_grassland,4,2018-04-27,2018-07-18,2019-06-20,2020-06-12,2021-07-09,Jakob Huber,Jakob Huber,Katharina Beck,Markus Bauer,50,95,85,90,195
W3_20,3,W_351,4,north,water,5,25,30,1,hay_meadow,4,2018-04-27,2018-07-18,2019-06-20,2020-06-12,2021-07-09,Jakob Huber,Jakob Huber,Katharina Beck,Markus Bauer,50,85,85,90,785
W3_21,3,W_362,4,north,water,6,50,30,2,hay_meadow,8,2018-04-27,2018-07-18,2019-06-20,2020-06-12,2021-07-09,Jakob Huber,Jakob Huber,Katharina Beck,Markus Bauer,60,85,90,90,162
W3_22,3,W_363,4,north,water,6,50,30,3,dry_grassland,4,2018-04-27,2018-07-18,2019-06-20,2020-06-12,2021-07-09,Jakob Huber,Jakob Huber,Katharina Beck,Markus Bauer,60,80,85,90,334
W3_23,3,W_364,4,north,water,6,50,30,4,dry_grassland,8,2018-04-27,2018-07-18,2019-06-20,2020-06-12,2021-07-09,Jakob Huber,Jakob Huber,Katharina Beck,Markus Bauer,75,95,85,90,1333
W3_24,3,W_361,4,north,water,6,50,30,1,hay_meadow,4,2018-04-27,2018-07-18,2019-06-20,2020-06-12,2021-07-09,Jakob Huber,Jakob Huber,Katharina Beck,Markus Bauer,50,90,90,100,322
W4_01,4,W_414,4,north,water,1,0,15,4,dry_grassland,8,2018-04-27,2018-07-19,2019-06-20,2020-06-12,2021-07-10,Simon Reith,Jakob Huber,Jakob Huber,Markus Bauer,75,80,90,90,116
W4_02,4,W_412,4,north,water,1,0,15,2,hay_meadow,8,2018-04-27,2018-07-19,2019-06-20,2020-06-12,2021-07-10,Simon Reith,Jakob Huber,Jakob Huber,Markus Bauer,70,75,80,80,128
W4_03,4,W_413,4,north,water,1,0,15,3,dry_grassland,4,2018-04-27,2018-07-19,2019-06-20,2020-06-12,2021-07-10,Simon Reith,Jakob Huber,Jakob Huber,Markus Bauer,60,70,85,90,278
W4_04,4,W_411,4,north,water,1,0,15,1,hay_meadow,4,2018-04-27,2018-07-19,2019-06-20,2020-06-12,2021-07-10,Simon Reith,Jakob Huber,Jakob Huber,Markus Bauer,60,75,80,90,43
W4_05,4,W_421,4,north,water,2,25,15,1,hay_meadow,4,2018-04-27,2018-07-19,2019-06-20,2020-06-12,2021-07-10,Simon Reith,Jakob Huber,Jakob Huber,Markus Bauer,40,80,85,100,150
W4_06,4,W_422,4,north,water,2,25,15,2,hay_meadow,8,2018-04-27,2018-07-19,2019-06-20,2020-06-12,2021-07-10,Simon Reith,Jakob Huber,Jakob Huber,Markus Bauer,35,85,90,90,309
W4_07,4,W_423,4,north,water,2,25,15,3,dry_grassland,4,2018-04-27,2018-07-19,2019-06-20,2020-06-12,2021-07-10,Simon Reith,Jakob Huber,Jakob Huber,Markus Bauer,25,95,80,90,1427
W4_08,4,W_424,4,north,water,2,25,15,4,dry_grassland,8,2018-04-27,2018-07-19,2019-06-20,2020-06-12,2021-07-10,Simon Reith,Jakob Huber,Jakob Huber,Markus Bauer,70,95,85,90,450
W4_09,4,W_431,4,north,water,3,50,15,1,hay_meadow,4,2018-04-27,2018-07-19,2019-06-20,2020-06-12,2021-07-10,Simon Reith,Jakob Huber,Jakob Huber,Markus Bauer,30,75,75,80,171
W4_10,4,W_432,4,north,water,3,50,15,2,hay_meadow,8,2018-04-27,2018-07-19,2019-06-20,2020-06-12,2021-07-10,Simon Reith,Jakob Huber,Jakob Huber,Markus Bauer,30,70,80,80,170
W4_11,4,W_433,4,north,water,3,50,15,3,dry_grassland,4,2018-04-27,2018-07-19,2019-06-20,2020-06-12,2021-07-10,Simon Reith,Jakob Huber,Jakob Huber,Markus Bauer,30,90,85,80,149
W4_12,4,W_434,4,north,water,3,50,15,4,dry_grassland,8,2018-04-27,2018-07-19,2019-06-20,2020-06-12,2021-07-10,Simon Reith,Jakob Huber,Jakob Huber,Markus Bauer,25,80,80,80,168
W4_13,4,W_444,4,north,water,4,0,30,4,dry_grassland,8,2018-04-27,2018-07-19,2019-06-20,2020-06-12,2021-07-10,Simon Reith,Jakob Huber,Jakob Huber,Markus Bauer,70,70,90,80,128
W4_14,4,W_442,4,north,water,4,0,30,2,hay_meadow,8,2018-04-27,2018-07-19,2019-06-20,2020-06-12,2021-07-10,Simon Reith,Jakob Huber,Jakob Huber,Markus Bauer,70,70,85,80,82
W4_15,4,W_441,4,north,water,4,0,30,1,hay_meadow,4,2018-04-27,2018-07-19,2019-06-20,2020-06-12,2021-07-10,Simon Reith,Jakob Huber,Jakob Huber,Markus Bauer,60,75,80,80,191
W4_16,4,W_443,4,north,water,4,0,30,3,dry_grassland,4,2018-04-27,2018-07-19,2019-06-20,2020-06-12,2021-07-10,Simon Reith,Jakob Huber,Jakob Huber,Markus Bauer,60,85,85,90,188
W4_17,4,W_454,4,north,water,5,25,30,4,dry_grassland,8,2018-04-27,2018-07-19,2019-06-20,2020-06-12,2021-07-10,Simon Reith,Jakob Huber,Jakob Huber,Markus Bauer,50,90,80,90,253
W4_18,4,W_451,4,north,water,5,25,30,1,hay_meadow,4,2018-04-27,2018-07-19,2019-06-20,2020-06-12,2021-07-10,Simon Reith,Jakob Huber,Jakob Huber,Markus Bauer,40,75,75,90,211
W4_19,4,W_452,4,north,water,5,25,30,2,hay_meadow,8,2018-04-27,2018-07-19,2019-06-20,2020-06-12,2021-07-10,Simon Reith,Jakob Huber,Jakob Huber,Markus Bauer,25,65,75,80,141
W4_20,4,W_453,4,north,water,5,25,30,3,dry_grassland,4,2018-04-27,2018-07-19,2019-06-20,2020-06-12,2021-07-10,Simon Reith,Jakob Huber,Jakob Huber,Markus Bauer,35,95,75,90,969
W4_21,4,W_461,4,north,water,6,50,30,1,hay_meadow,4,2018-04-27,2018-07-19,2019-06-20,2020-06-12,2021-07-10,Simon Reith,Jakob Huber,Jakob Huber,Markus Bauer,15,60,70,90,140
W4_22,4,W_462,4,north,water,6,50,30,2,hay_meadow,8,2018-04-27,2018-07-19,2019-06-20,2020-06-12,2021-07-10,Simon Reith,Jakob Huber,Jakob Huber,Markus Bauer,10,65,75,70,134
W4_23,4,W_464,4,north,water,6,50,30,4,dry_grassland,8,2018-04-27,2018-07-19,2019-06-20,2020-06-12,2021-07-10,Simon Reith,Jakob Huber,Jakob Huber,Markus Bauer,5,80,90,90,142
W4_24,4,W_463,4,north,water,6,50,30,3,dry_grassland,4,2018-04-27,2018-07-19,2019-06-20,2020-06-12,2021-07-10,Simon Reith,Jakob Huber,Jakob Huber,Markus Bauer,10,85,75,80,197
W5_01,5,W_514,4,north,water,1,0,15,4,dry_grassland,8,2018-04-27,2018-07-19,2019-06-18,2020-06-11,2021-07-14,Jakob Huber,Jakob Huber,Katharina Beck,Markus Bauer,65,85,90,90,248
W5_02,5,W_511,4,north,water,1,0,15,1,hay_meadow,4,2018-04-27,2018-07-19,2019-06-18,2020-06-11,2021-07-14,Jakob Huber,Jakob Huber,Katharina Beck,Markus Bauer,55,80,85,80,128
W5_03,5,W_513,4,north,water,1,0,15,3,dry_grassland,4,2018-04-27,2018-07-19,2019-06-18,2020-06-11,2021-07-14,Jakob Huber,Jakob Huber,Katharina Beck,Markus Bauer,65,95,85,90,803
W5_04,5,W_512,4,north,water,1,0,15,2,hay_meadow,8,2018-04-27,2018-07-19,2019-06-18,2020-06-11,2021-07-14,Jakob Huber,Jakob Huber,Katharina Beck,Markus Bauer,65,75,90,90,160
W5_05,5,W_523,4,north,water,2,25,15,3,dry_grassland,4,2018-04-27,2018-07-19,2019-06-18,2020-06-11,2021-07-14,Jakob Huber,Jakob Huber,Katharina Beck,Markus Bauer,55,85,90,90,192
W5_06,5,W_521,4,north,water,2,25,15,1,hay_meadow,4,2018-04-27,2018-07-19,2019-06-18,2020-06-11,2021-07-14,Jakob Huber,Jakob Huber,Katharina Beck,Markus Bauer,45,80,75,80,140
W5_07,5,W_522,4,north,water,2,25,15,2,hay_meadow,8,2018-04-27,2018-07-19,2019-06-18,2020-06-11,2021-07-14,Jakob Huber,Jakob Huber,Katharina Beck,Markus Bauer,25,70,75,90,99
W5_08,5,W_524,4,north,water,2,25,15,4,dry_grassland,8,2018-04-27,2018-07-19,2019-06-18,2020-06-11,2021-07-14,Jakob Huber,Jakob Huber,Katharina Beck,Markus Bauer,65,90,80,80,720
W5_09,5,W_534,4,north,water,3,50,15,4,dry_grassland,8,2018-04-27,2018-07-19,2019-06-18,2020-06-11,2021-07-14,Jakob Huber,Jakob Huber,Katharina Beck,Markus Bauer,25,50,80,90,337
W5_10,5,W_531,4,north,water,3,50,15,1,hay_meadow,4,2018-04-27,2018-07-19,2019-06-18,2020-06-11,2021-07-14,Jakob Huber,Jakob Huber,Katharina Beck,Markus Bauer,65,60,70,80,98
W5_11,5,W_532,4,north,water,3,50,15,2,hay_meadow,8,2018-04-27,2018-07-19,2019-06-18,2020-06-11,2021-07-14,Jakob Huber,Jakob Huber,Katharina Beck,Markus Bauer,65,65,65,80,245
W5_12,5,W_533,4,north,water,3,50,15,3,dry_grassland,4,2018-04-27,2018-07-19,2019-06-18,2020-06-11,2021-07-14,Jakob Huber,Jakob Huber,Katharina Beck,Markus Bauer,60,70,70,80,76
W5_13,5,W_544,4,north,water,4,0,30,4,dry_grassland,8,2018-04-27,2018-07-19,2019-06-18,2020-06-11,2021-07-14,Jakob Huber,Jakob Huber,Katharina Beck,Markus Bauer,65,75,80,90,255
W5_14,5,W_541,4,north,water,4,0,30,1,hay_meadow,4,2018-04-27,2018-07-19,2019-06-18,2020-06-11,2021-07-14,Jakob Huber,Jakob Huber,Katharina Beck,Markus Bauer,80,80,90,90,288
W5_15,5,W_542,4,north,water,4,0,30,2,hay_meadow,8,2018-04-27,2018-07-19,2019-06-18,2020-06-11,2021-07-14,Jakob Huber,Jakob Huber,Katharina Beck,Markus Bauer,90,65,90,90,282
W5_16,5,W_543,4,north,water,4,0,30,3,dry_grassland,4,2018-04-27,2018-07-19,2019-06-18,2020-06-11,2021-07-14,Jakob Huber,Jakob Huber,Katharina Beck,Markus Bauer,80,70,85,90,160
W5_17,5,W_553,4,north,water,5,25,30,3,dry_grassland,4,2018-04-27,2018-07-19,2019-06-18,2020-06-11,2021-07-14,Jakob Huber,Jakob Huber,Katharina Beck,Markus Bauer,40,60,75,80,313
W5_18,5,W_552,4,north,water,5,25,30,2,hay_meadow,8,2018-04-27,2018-07-19,2019-06-18,2020-06-11,2021-07-14,Jakob Huber,Jakob Huber,Katharina Beck,Markus Bauer,45,80,80,80,44
W5_19,5,W_554,4,north,water,5,25,30,4,dry_grassland,8,2018-04-27,2018-07-19,2019-06-18,2020-06-11,2021-07-14,Jakob Huber,Jakob Huber,Katharina Beck,Markus Bauer,40,75,80,90,281
W5_20,5,W_551,4,north,water,5,25,30,1,hay_meadow,4,2018-04-27,2018-07-19,2019-06-18,2020-06-11,2021-07-14,Jakob Huber,Jakob Huber,Katharina Beck,Markus Bauer,50,70,80,90,91
W5_21,5,W_563,4,north,water,6,50,30,3,dry_grassland,4,2018-04-27,2018-07-19,2019-06-18,2020-06-11,2021-07-14,Jakob Huber,Jakob Huber,Katharina Beck,Markus Bauer,65,90,85,90,299
W5_22,5,W_562,4,north,water,6,50,30,2,hay_meadow,8,2018-04-27,2018-07-19,2019-06-18,2020-06-11,2021-07-14,Jakob Huber,Jakob Huber,Katharina Beck,Markus Bauer,50,80,85,80,172
W5_23,5,W_564,4,north,water,6,50,30,4,dry_grassland,8,2018-04-27,2018-07-19,2019-06-18,2020-06-11,2021-07-14,Jakob Huber,Jakob Huber,Katharina Beck,Markus Bauer,60,75,90,80,496
W5_24,5,W_561,4,north,water,6,50,30,1,hay_meadow,4,2018-04-27,2018-07-19,2019-06-18,2020-06-11,2021-07-14,Jakob Huber,Jakob Huber,Katharina Beck,Markus Bauer,30,75,80,90,135
W6_01,6,W_613,4,north,water,1,0,15,3,dry_grassland,4,2018-04-27,2018-07-18,2019-06-18,2020-06-08,2021-07-15,Simon Reith,Jakob Huber,Jakob Huber,Markus Bauer,65,75,85,100,197
W6_02,6,W_612,4,north,water,1,0,15,2,hay_meadow,8,2018-04-27,2018-07-18,2019-06-18,2020-06-08,2021-07-15,Simon Reith,Jakob Huber,Jakob Huber,Markus Bauer,75,80,80,100,318
W6_03,6,W_614,4,north,water,1,0,15,4,dry_grassland,8,2018-04-27,2018-07-18,2019-06-18,2020-06-08,2021-07-15,Simon Reith,Jakob Huber,Jakob Huber,Markus Bauer,60,90,100,100,308
W6_04,6,W_611,4,north,water,1,0,15,1,hay_meadow,4,2018-04-27,2018-07-18,2019-06-18,2020-06-08,2021-07-15,Simon Reith,Jakob Huber,Jakob Huber,Markus Bauer,70,65,80,100,227
W6_05,6,W_624,4,north,water,2,25,15,4,dry_grassland,8,2018-04-27,2018-07-18,2019-06-19,2020-06-08,2021-07-15,Simon Reith,Jakob Huber,Jakob Huber,Markus Bauer,50,70,75,90,234
W6_06,6,W_622,4,north,water,2,25,15,2,hay_meadow,8,2018-04-27,2018-07-18,2019-06-19,2020-06-08,2021-07-16,Simon Reith,Jakob Huber,Jakob Huber,Markus Bauer,60,55,70,90,94
W6_07,6,W_623,4,north,water,2,25,15,3,dry_grassland,4,2018-04-27,2018-07-18,2019-06-19,2020-06-08,2021-07-16,Simon Reith,Jakob Huber,Jakob Huber,Markus Bauer,60,80,75,100,377
W6_08,6,W_621,4,north,water,2,25,15,1,hay_meadow,4,2018-04-27,2018-07-18,2019-06-19,2020-06-08,2021-07-16,Simon Reith,Jakob Huber,Jakob Huber,Markus Bauer,40,75,80,90,134
W6_09,6,W_631,4,north,water,3,50,15,1,hay_meadow,4,2018-04-27,2018-07-18,2019-06-19,2020-06-08,2021-07-16,Simon Reith,Jakob Huber,Jakob Huber,Markus Bauer,30,50,75,90,129
W6_10,6,W_633,4,north,water,3,50,15,3,dry_grassland,4,2018-04-27,2018-07-18,2019-06-19,2020-06-08,2021-07-16,Simon Reith,Jakob Huber,Jakob Huber,Markus Bauer,25,75,70,90,269
W6_11,6,W_634,4,north,water,3,50,15,4,dry_grassland,8,2018-04-27,2018-07-18,2019-06-19,2020-06-08,2021-07-16,Simon Reith,Jakob Huber,Jakob Huber,Markus Bauer,30,80,80,100,241
W6_12,6,W_632,4,north,water,3,50,15,2,hay_meadow,8,2018-04-27,2018-07-18,2019-06-19,2020-06-08,2021-07-16,Simon Reith,Jakob Huber,Jakob Huber,Markus Bauer,30,80,85,90,225
W6_13,6,W_643,4,north,water,4,0,30,3,dry_grassland,4,2018-04-27,2018-07-18,2019-06-19,2020-06-08,2021-07-16,Simon Reith,Jakob Huber,Jakob Huber,Markus Bauer,60,60,70,90,299
W6_14,6,W_642,4,north,water,4,0,30,2,hay_meadow,8,2018-04-27,2018-07-18,2019-06-19,2020-06-08,2021-07-16,Simon Reith,Jakob Huber,Jakob Huber,Markus Bauer,60,70,85,90,104
W6_15,6,W_641,4,north,water,4,0,30,1,hay_meadow,4,2018-04-27,2018-07-18,2019-06-19,2020-06-08,2021-07-16,Simon Reith,Jakob Huber,Jakob Huber,Markus Bauer,60,55,75,100,198
W6_16,6,W_644,4,north,water,4,0,30,4,dry_grassland,8,2018-04-27,2018-07-18,2019-06-19,2020-06-08,2021-07-16,Simon Reith,Jakob Huber,Jakob Huber,Markus Bauer,70,60,80,100,180
W6_17,6,W_651,4,north,water,5,25,30,1,hay_meadow,4,2018-04-27,2018-07-18,2019-06-19,2020-06-08,2021-07-16,Simon Reith,Jakob Huber,Jakob Huber,Markus Bauer,60,70,75,100,121
W6_18,6,W_652,4,north,water,5,25,30,2,hay_meadow,8,2018-04-27,2018-07-18,2019-06-19,2020-06-08,2021-07-16,Simon Reith,Jakob Huber,Jakob Huber,Markus Bauer,55,65,75,90,73
W6_19,6,W_654,4,north,water,5,25,30,4,dry_grassland,8,2018-04-27,2018-07-18,2019-06-19,2020-06-08,2021-07-16,Simon Reith,Jakob Huber,Jakob Huber,Markus Bauer,70,70,75,90,147
W6_20,6,W_653,4,north,water,5,25,30,3,dry_grassland,4,2018-04-27,2018-07-18,2019-06-19,2020-06-08,2021-07-16,Simon Reith,Jakob Huber,Jakob Huber,Markus Bauer,60,60,65,90,134
W6_21,6,W_664,4,north,water,6,50,30,4,dry_grassland,8,2018-04-27,2018-07-18,2019-06-19,2020-06-08,2021-07-16,Simon Reith,Jakob Huber,Jakob Huber,Markus Bauer,70,85,75,100,114
W6_22,6,W_662,4,north,water,6,50,30,2,hay_meadow,8,2018-04-27,2018-07-18,2019-06-19,2020-06-08,2021-07-16,Simon Reith,Jakob Huber,Jakob Huber,Markus Bauer,30,70,65,70,218
W6_23,6,W_661,4,north,water,6,50,30,1,hay_meadow,4,2018-04-27,2018-07-18,2019-06-19,2020-06-08,2021-07-16,Simon Reith,Jakob Huber,Jakob Huber,Markus Bauer,20,75,65,80,62
W6_24,6,W_663,4,north,water,6,50,30,3,dry_grassland,4,2018-04-27,2018-07-18,2019-06-19,2020-06-08,2021-07-16,Simon Reith,Jakob Huber,Jakob Huber,Markus Bauer,25,75,80,90,559
C02,C,C02,4,north,land,NA,NA,NA,NA,hay_meadow,NA,NA,NA,NA,NA,2021-06-30,NA,NA,NA,Markus Bauer,NA,NA,NA,70,NA
C05,C,C05,4,south,water_creek,NA,NA,NA,NA,non_ffh,NA,NA,NA,NA,NA,2021-06-30,NA,NA,NA,Markus Bauer,NA,NA,NA,30,NA
C06,C,C06,4,north,land,NA,NA,NA,NA,mixed,NA,NA,NA,NA,NA,2021-06-30,NA,NA,NA,Markus Bauer,NA,NA,NA,70,NA
C09,C,C09,4,south,water_creek,NA,NA,NA,NA,mixed,NA,NA,NA,NA,NA,2021-07-01,NA,NA,NA,Markus Bauer,NA,NA,NA,70,NA
C10,C,C10,4,north,land,NA,NA,NA,NA,non_ffh,NA,NA,NA,NA,NA,2021-07-01,NA,NA,NA,Markus Bauer,NA,NA,NA,70,NA
C12,C,C12,4,south,land,NA,NA,NA,NA,non_ffh,NA,NA,NA,NA,NA,2021-06-30,NA,NA,NA,Markus Bauer,NA,NA,NA,50,NA
C13,C,C13,4,north,water_creek,NA,NA,NA,NA,hay_meadow,NA,NA,NA,NA,NA,2021-07-01,NA,NA,NA,Markus Bauer,NA,NA,NA,60,NA
C14,C,C14,4,south,land,NA,NA,NA,NA,non_ffh,NA,NA,NA,NA,NA,2021-07-01,NA,NA,NA,Markus Bauer,NA,NA,NA,60,NA
C21,C,C21,4,south,water_creek,NA,NA,NA,NA,non_ffh,NA,NA,NA,NA,NA,2021-07-01,NA,NA,NA,Markus Bauer,NA,NA,NA,60,NA
C22,C,C22,4,north,land,NA,NA,NA,NA,non_ffh,NA,NA,NA,NA,NA,2021-07-01,NA,NA,NA,Markus Bauer,NA,NA,NA,30,NA
C23,C,C23,4,south,water_creek,NA,NA,NA,NA,hay_meadow,NA,NA,NA,NA,NA,2021-07-01,NA,NA,NA,Markus Bauer,NA,NA,NA,50,NA
C28,C,C28,4,south,land,NA,NA,NA,NA,non_ffh,NA,NA,NA,NA,NA,2021-07-03,NA,NA,NA,Markus Bauer,NA,NA,NA,50,NA
C43,C,C43,4,south,water,NA,NA,NA,NA,non_ffh,NA,NA,NA,NA,NA,2021-07-01,NA,NA,NA,Markus Bauer,NA,NA,NA,60,NA
C44,C,C44,4,north,land,NA,NA,NA,NA,non_ffh,NA,NA,NA,NA,NA,2021-07-01,NA,NA,NA,Markus Bauer,NA,NA,NA,60,NA
C51,C,C51,4,south,water_creek,NA,NA,NA,NA,hay_meadow,NA,NA,NA,NA,NA,2021-07-02,NA,NA,NA,Markus Bauer,NA,NA,NA,50,NA
C63,C,C63,4,south,water,NA,NA,NA,NA,hay_meadow,NA,NA,NA,NA,NA,2021-06-30,NA,NA,NA,Markus Bauer,NA,NA,NA,80,NA
C64,C,C64,4,north,land,NA,NA,NA,NA,hay_meadow,NA,NA,NA,NA,NA,2021-06-30,NA,NA,NA,Markus Bauer,NA,NA,NA,50,NA
C65,C,C65,4,south,land,NA,NA,NA,NA,hay_meadow,NA,NA,NA,NA,NA,2021-07-02,NA,NA,NA,Markus Bauer,NA,NA,NA,80,NA
C66,C,C66,4,north,water_creek,NA,NA,NA,NA,mixed,NA,NA,NA,NA,NA,2021-07-02,NA,NA,NA,Markus Bauer,NA,NA,NA,100,NA
C67,C,C67,4,south,water,NA,NA,NA,NA,hay_meadow,NA,NA,NA,NA,NA,2021-06-28,NA,NA,NA,Markus Bauer,NA,NA,NA,50,NA
C68,C,C68,4,north,land,NA,NA,NA,NA,non_ffh,NA,NA,NA,NA,NA,2021-06-28,NA,NA,NA,Markus Bauer,NA,NA,NA,40,NA
C70,C,C70,4,south,land,NA,NA,NA,NA,non_ffh,NA,NA,NA,NA,NA,2021-07-03,NA,NA,NA,Markus Bauer,NA,NA,NA,30,NA
