name;1_1;1_1i;1_2;1_2i;1_3;1_3i;1_4;1_4i;1_5;1_5i;1_6;1_6i;1_7;1_7i;1_8;1_8i;1_9;1_9i;1_10;1_10i;1_11;1_11i;1_12;1_12i;1_13;1_13i;1_14;1_14i;1_15;1_15i;1_16;1_16i;1_17;1_17i;1_18;1_18i;1_19;1_19i;1_20;1_20i;1_21;1_21i;1_22;1_22i;1_23;1_23i;1_24;1_24i;2_1;2_1i;2_2;2_2i;2_3;2_3i;2_4;2_4i;2_5;2_5i;2_6;2_6i;2_7;2_7i;2_8;2_8i;2_9;2_9i;2_10;2_10i;2_11;2_11i;2_12;2_12i;2_13;2_13i;2_14;2_14i;2_15;2_15i;2_16;2_16i;2_17;2_17i;2_18;2_18i;2_19;2_19i;2_20;2_20i;2_23;2_23i;2_22;2_22i;2_21;2_21i;2_24;2_24i;3_1;3_1i;3_2;3_2i;3_3;3_3i;3_4;3_4i;3_5;3_5i;3_6;3_6i;3_7;3_7i;3_8;3_8i;3_9;3_9i;3_10;3_10i;3_11;3_11i;3_12;3_12i;3_13;3_13i;3_14;3_14i;3_15;3_15i;3_16;3_16i;3_17;3_17i;3_18;3_18i;3_19;3_19i;3_20;3_20i;3_21;3_21i;3_22;3_22i;3_23;3_23i;3_24;3_24i;4_1;4_1i;4_2;4_2i;4_3;4_3i;4_4;4_4i;4_5;4_5i;4_6;4_6i;4_7;4_7i;4_8;4_8i;4_9;4_9i;4_10;4_10i;4_11;4_11i;4_12;4_12i;4_13;4_13i;4_14;4_14i;4_15;4_15i;4_16;4_16i;4_17;4_17i;4_18;4_18i;4_19;4_19i;4_20;4_20i;4_21;4_21i;4_22;4_22i;4_23;4_23i;4_24;4_24i;5_1;5_1i;5_2;5_2i;5_3;5_3i;5_4;5_4i;5_5;5_5i;5_6;5_6i;5_7;5_7i;5_8;5_8i;5_9;5_9i;5_10;5_10i;5_11;5_11i;5_12;5_12i;5_13;5_13i;5_14;5_14i;5_15;5_15i;5_16;5_16i;5_17;5_17i;5_18;5_18i;5_19;5_19i;5_20;5_20i;5_21;5_21i;5_22;5_22i;5_23;5_23i;5_24;5_24i;5_25;5_25i;6_1;6_1i;6_2;6_2i;6_3;6_3i;6_4;6_4i;6_5;6_5i;6_6;6_6i;6_7;6_7i;6_8;6_8i;6_9;6_9i;6_10;6_10i;6_11;6_11i;6_12;6_12i;6_13;6_13i;6_14;6_14i;6_15;6_15i;6_16;6_16i;6_17;6_17i;6_18;6_18i;6_19;6_19i;6_20;6_20i;6_21;6_21i;6_22;6_22i;6_23;6_23i;6_24;6_24i
Agrostis capillaris;;;;;;;;;;;;;;;;;;;;;;;;;;;;;;;;;;;;;;;;;;;;;;;;;;;;;;;;;;;;;;;;;;;;;;;;;;;;;;;;;;;;;;;;;;;;;;;;;;;;;;;;;;;;;;;;;;;;;;;;;;;;;;;;;;;;;;;;;;;;;;;;;;;;;;;;;;;;;;;;;;;;;;;;;;;;;;;;;;;;;;;;;;;;;;;;;;;;;;;;;;;;1;;;;;;;;;;;;;;;;;;;;;;;;;;;;;;;;;;;;;;;;;;;;;;3;;;;;;3;;;;;;;;;;;;;;;;1;;;;;;;;;;;;;;;;;;
Agrostis stolonifera;;;;;;;;;;;;;;;;;;;;;;;;;;;;;;1;;;;;;;;;;;;;;;;;;;;;;;;;;;;;;;;;;;;;;;;;;;;;;;;;;;;;;;;;;;;;;;;;;;;;;;;;;;;;;;;;;;;;;;;;;;;;;;;1;;;;;;;;;;;;;;;;;;;;;;;;;;;;;;;;;;;;;;;;;;;;;;;;;;;;;;;;;;;;;;1;;;;;;;;;;;;;;;;;;;;;;;;;;;;;;;;;;;;;;;;;;;;;;;;;;;;;;;;;;;;;;;;;;;;;;;;;;;;;;;;;;;;;;;;;;;;;;;;;;;;;;
Alopecurus myosuroides;;;;;;;;;;;;;;;;;;;;;;;;;;;;;;;;;;;;;;;;;;;;;;;;;;1;;;;;;;;;;;;;;;;;;;;;;;;;;;;;;;;;;;;1;;;;;;;;;;1;1;;;;;;;;;;;;;;;;;;;;;1;;;;;;;;;;;;;;;;;;;;;;;;;;;;;;;;;;;;;;;;;;;;;;;;;;;;1;;;;;1;;;;;;;;;;;;;;;;;;;;;;;;;;;;;;;;;;;;;;;;;;;;;;;;;;;;;;;;;;;;;;;;;;;;;;;;;;;;;;;;;;;;;;;;;1;;;;;;;;;;;;;;;;;;;;;;1;;;;
Alopecurus pratensis;;;;;;;;;;;;;;;;;;;;;;;;;;;;;;;;;;;;;;;;;;;;;;;;;;;;;;;;;;;;;;;;;;;;;;;;;;;;;;1;;;;;;;;;;;;;;;;;;;;;;;;;;;;;;;;;;;;;;;;;;;;1;;;;;;;;;;;;;;;;;;;;;;;;;;;;;;;;;;;;;;;;;;;;;;;;;;;;;;;;;;;;;;;;;;;;;;;;;;;;;;;;;;;;;;;;;;;;;;;;;;;;;;;;;;;;;;;;;;;;;;;;;;;;;;;;;;;;;;;;;;;;;;;;;;;;;;;;;;;;;;;;;;;;;;;;
Anthoxanthum odoratum;;;;;;;;;;;;;;;;1;;;;;;;;;;;;;1;;;1;;;;;;;;;;;;;;;;1;;;;;;;;;;;;;;;;;;;;1;;3;;2;;1;;;;;;;;;;;;;;;;2;;1;;;;;;;;;;;;;;;;1;;1;;;;;;;;;;;;;;;;;;;;;;;;;;;;1;2;;;;;2;;;;;;;;;;;;2;;;;;;;;1;;;;;;;;;;;;;;;;;;;;;;;;;;;;;;;;;;;;;;;;1;;3;;;;;1;;;;;;;;;;;;;;;1;;;;;;1;;;2;;;2;1;;;;1;;;1;;4;;2;;;;;;1;;;1;;;;;2;;;;;;;;;;;;;;;;;;;1;;1;;;2;;2
Apera spica-venti;;;;;;;;;;;;;;;;;;;;;;;;;;;;;;;;;;;;;;;;;;;;;;;;;;;;;;;;;;;;;;;;;;;;;;;;;;;;;;;;;;;;;;;;;;;;;;;;;;1;;;;;;;;;;;;;;;;;;;;;;;;;;;;;;;;;;;;;;;;;;;;;;;;;;;;;;;;;;;;;;;;;;;;;;;;;;;;;;;;;;;;;;;;;;;;;;;;;;;;;;;;;;;;;;;;;;;;;;;;;;;;;;;;;;;;;;;;;;;;;;;;;;;;;;;;;;;;;;;;;;;;;;;;;;;;;;;;;;;;;;;;;;;;;;;;
Arrhenatherum elatius (L.) P. Beauv. ex J. Presl & C. Presl;;;;;3;;10;;2;;;;1;;;;;;1;;;;3;;1;;;;1;;3;;;2;;;1;;1;;;1;;3;1;;5;;;;5;;5;;1;;1;;;;1;;;;;1;1;;;;1;;1;;;;2;;1;;1;;;;5;;1;;2;;;2;;;3;;5;;1;;;;;1;;;3;;;;;;2;;;;1;;;;10;;2;;;;;;;;3;;;;;;1;;;;;;;;;;5;;;;5;;;;4;;;;;;2;;;;;;;1;;;5;;;1;;;;;;;2;;;1;;;3;;;;;;;;;2;;4;1;;1;;1;;1;;;;;;;2;;;;;;1;;2;;2;;;;;;;3;;;;5;;;;;3;;;;;;;1;;;;;;;1;;1;;;;;2;;;;;;2;;;;3;;;1;;;;3;3;;;;;;;;3;;;;;
Bromus erectus Huds.;;;;1;;;;;;;;;;;;;;2;;;1;;;;;;2;;2;;;;;2;2;;1;;;;;1;;;2;;;;1;;;;;;;1;;;;;;;;;;;;;;;;;;;;;;;;;;;;1;;;;;;;;;;;;;;;;;;1;;1;;1;;;;;;;;;;;;;;;;;;;;;;;;;;;;2;;;;;;1;;;;;;1;;;1;;;;;;;;1;;;3;;;;;;1;3;;;1;;;;;;3;;;;;;;;1;;;;;;1;;1;1;;;;2;;;;1;;;;;;;1;;;;;;;1;;2;;;;;;;1;5;;2;;;;5;;;;;1;;;1;;;;;;;;1;;;;5;;;;;1;;;;;;1;;1;;;;;;;;;;;;;;;;2;;2;2;;;;;;;
Bromus hordeaceus L.;15;;1;;1;;1;;1;;;;1;;1;;1;;1;;1;;1;;;1;1;;1;;1;;1;;1;;1;;1;;1;;;;1;;1;;3;;1;;1;;2;;1;;1;;1;;1;;1;;;;1;;;;2;;1;;1;;20;;1;;;1;1;;1;;;;1;;;;1;;10;;5;;5;;1;;1;;1;;1;;1;;1;;1;;;;1;;15;;50;;30;;3;;1;;1;;1;;1;;1;;1;;1;;1;;25;;15;;3;;3;;5;;;1;1;;1;;2;;1;;1;;1;;5;;2;;20;;1;;1;;1;;3;;1;;3;;3;;4;;1;;1;;2;;1;;;;1;;;;1;;1;;1;;;;2;;3;;1;;1;;1;;3;;2;;3;;2;;2;;5;;1;;;1;1;;1;;2;;3;;1;;10;;1;;3;;2;;1;;2;;1;;1;;1;;5;;1;;2;;1;;1;;1;;1;;1;;;;1;;1;;1;
Bromus inermis Leyss.;;;;;;;;;;;;3;;1;;;;1;1;;;;2;;;;;;;;;;1;;1;;;1;;;;;1;;;;;;;;;;1;;;;;;;;;;;1;;;1;;;2;;;;;;;;;;2;;;;;;;1;;;;;;;1;;;;;;;;;1;;;;;;;;;1;;;;1;;;;;;;;;;1;;;;;;;;1;;;;;;;;2;1;;;2;;;;;;;;;;;;;;1;;2;;;;;;;;;;;;1;;2;;;;;;;1;;1;;;;;3;1;;;;1;;;2;;;;;;;;;;;;;;1;;;;;;2;;1;;;;1;;;;;;;;;;;;;;;;1;;;;;;;;;;1;;;;;;2;;;;;;;;;;;;1;;;;;;;;;;;;1;;;;;;;;;;
Bromus sterilis ;;;;;;;;;;;;;;;;;;;;;;;;;;;;;;;;;;;;;;;;;;;;;;;;;;;;;;;;;;;;;;;;;;;;;;;;;;;;;;;;;;3;;;;;;;;;;;;;;;;;;;;;;;;;;;;;;;;;;;;;;;;;;;;;;;;;;;;;;;;;;;;;;;;;;;;;;;;;;;;;;;;;;;;;;;;;;;;;;;;;;;;;;;;;;;;;;;;;;;;;;;;;;;;;;;;;;;;;;;;;;;;3;;;;;;;;;;;;;;;;;;;;;;;;;;;;;;;;;;;;;;;;;;;;;;;;;;;;;;;;;;;;;;;;;;;;
Carex hirta L.;;;;;;;;;;;;;;;;;;;;;;;;;;;;;;;;;;;;;;;;;;2;;;;;;;;;;;;;;;;;;;;;;4;;;;;;;;;;;;;;;;;;;;;;;;;1;;;;;;;;;;;;;;;;;;;;;;;;;;;;;;;;;;;;;;;;;;;;;;;;;;;;;;;;3;;;;;;;;;;;;;;;;;;;;;;;3;;;;;;;;;;;;;;;;;;;;;;;;;;;;;;;;;;;;1;;;;;;;;;;;;;;;;;;1;;;;1;;;;;;;;;1;;;;;;;;;2;;;;;;;;;;;;;;;;;1;;;;;;;;;;;;;;;;;1;;;;;;;1;;;1;2;
Carex praecox;;;;;;;;;;;;;;;;;;;;;;;;;;;;;;;;;;;;;;;;;;;;;;;;;1;;;;;;;;;;;;;;;;;;;;;;;;;;;;;;;1;;;;;;;;;;;;;;;;2;;;;;;;;;;;;;;;;;;;;;;;;;;;;;;;;;;;;;;;;;;;;;;;;;;;;;;;;;;;;;;;;;;;;;;;;;;;;;;;;;;;;;;;;;;;;;;;;;;;;;;;;;;;;;;;;;;;;;;;;;;;;;;;;;;;;;;;;;;;;;;;;;;;;;;;;;;;;;;;;;;;;;;;;;;;;;;;;;;;;;;;;;;;;;;;;;;
Cynosurus cristatus;;;;;;;;;;;;;;;;;;;;;;;;;;;;;;;;;;;;;;;;;;;;;;;;;;;;;;;;;;;;;;;;;;;;;;;;;;;;;;;;;;;;;;;;;;;;;;;;;;;;;;;;;;;;;;;;;;;;;;;;;;;;;;;;;;;;;;;;;;;;;;;;;;;;;;;;;;;;;;;;;;;;;;;;;;;;;;;;;;;;;;;;;;;;;;;;;;;;;;;;;;;;;;;;;;;;;;;;;;;;;;;;;;;;;;;;;;;;;;;;;;;;;;1;;;;;;;;;;;;;;;;;;;;;;;;;;;;;;;;;;;;;;;;;;;;
Dactylis glomerata L. s. l.;1;;;;1;;;;;;;;;;;;;;;;;;;2;;;;;;;;3;;;;;;3;;;;;;;;;1;;1;;;;;;;;1;;;;;3;;;;;;1;;;;1;2;;2;;;;;1;1;;;;3;;;;;;;;;;;1;;1;2;;;;;;;;1;;;;;;;;;;;;;;3;;5;;;;;;;;;;;;;;;1;;;;;1;;;2;;1;;;;;;;;;;;;;;2;1;;;1;;;;;;;;;;;2;;;;;1;;;1;;;;;;;;;1;;1;;;;;;;;4;;4;;;;;;1;;;;1;;1;1;;;;;3;;;;;;;;;;3;;;;;;;;;;1;5;;;;3;;;;;1;;1;;;;;;;;;2;;;;;;;;;;;;;;;;;;;;;2;;;;1
Elymus repens (L.) Gould;;;;;;1;;;;1;2;;1;;;;;;;;;3;;;;1;;;;;;3;;;;;;;;4;;;;;;1;;;;1;;2;;;1;;;1;;;;;;;;;;;;;;;1;;1;;;;1;;;;;1;;;10;;1;;;;;1;;;;1;;;;1;;1;;;;;;;5;;;;;1;;;;1;;;;;;2;;;1;;;;;1;;;;;;;;1;;;;;;;;1;;2;;;;;;;;;;3;;2;;1;1;;;;;1;;;;;;;;;;;;1;;;;;;;;;;1;;;;;;1;;;;;;1;;;;1;;;;2;;;;4;;;;;;;;;;1;;2;;;3;;;;;2;1;;;;;1;;;;1;;;3;;;;2;;1;;;;;1;;1;1;;;;;;;1;;;;;1;;1;;;1;;;;;;;;
Festuca ovina;;;;2;;;;;;;;;;;;;;;;;;;;;;;;2;;;;;;;;2;;;;;1;;;;;;;;;;;;;;1;;;;;;;;;4;;;;;;;;;;;;1;;;1;;;;;2;;;;1;;;;;;;;;;;;;;;;;2;;;;;;;;;;1;;;;;1;;;;2;;;;;;;;;;;;;;;;;;1;;;;;;;;2;;;;;;;;;;2;;;;;;;;;;3;;;;;;;;1;;;;;;;;;;;;;;5;;1;;;;2;;;;;;;;;;;2;;;;;;1;;;;;;;;2;;1;;;;;;;;;;3;;;;;;;;;;;;;;;;;;;;;;;;;;;1;;1;;;;;;;;;;;;;;;;;;;5;;;;;1;2;
Festuca pratensis;1;;1;;5;;;1;;2;;;;1;1;;;;1;;1;;;;;1;2;;;2;;1;;;;;;;;;;;;1;;2;;;1;;2;;;;;2;2;;;1;;;;3;;;1;;3;;1;;2;;5;;;;;;;;;;3;;;;;;;;1;;;;3;;2;;1;;;;1;;1;;;;;2;;3;;2;1;;;1;;;5;;;1;2;;;;1;;2;;;;1;;;3;;;;1;;;;;;;;1;;1;1;;;;;;1;;;;;5;;2;2;;5;;;;;3;1;;1;;;;1;;;;;;;3;1;;;2;1;;;;;2;;;;2;;1;;2;2;;1;;;;;;;;;;3;;1;;3;;;;;1;2;;;2;;;;;3;;;2;5;;;1;2;;;;;1;;;1;;;1;;1;;1;;;;1;;;5;;;;1;;3;;1;;3;;;;;;;;1;;1;
Festuca rubra agg.;1;;2;;;;;1;1;;;;;;;;1;;1;;;3;1;;;;;;;1;1;;;;;;;;;1;1;;;;;2;1;;;;;;;;;1;;;;;;;;3;1;;;;;;3;;;1;;;;1;1;;;3;;;;1;;;1;;;2;1;;1;;;;;1;;1;1;;;1;;2;1;;;;3;;1;;1;;;;;;2;;;1;;;;2;;;;;;;2;;;;2;;;4;;;;2;;2;;;;1;;;;;;2;;;;;;4;;4;;2;;;;;;;;1;;2;;1;1;;;;;;;;;2;;;;1;;;1;;1;;;2;;;;1;1;;1;;1;;;;;;;1;1;;2;;3;;;;;;;;;1;;1;;;;2;3;;;2;;2;1;;1;;;;;2;;;;3;;;;;2;;;;;;;;;1;;;;2;;;;;;1;;2;;1;;1;1;
Helictotrichon pubescens;;;;;;;;;;;;;;;;;;;;;;;;;;;;;;;;;;;;;;;;;;;;;;;;;;;;;;;;3;;;;;;;;;;;;;;;;;;;;;;;;;;;;;;;;;;;;2;;;;;;;;;;;;;;;;;;;;;;;;;;;;;;;;;;;;;;;;;;;;;;;;;;;;;;;;;;;;;;;;;;;;;;;;;;;;;;;;;;;;;;;;;;;;;;;;;;;;;;;;;;;;;;;;;;;;;;;;;;;;;;;;;;;;;;;;;;;;;;;;;;;;;;;;;;;;;;;;;;;;;;;;;;;;;;;;;;;;;;;;;;;;;;;;;;;;;;
Holcus lanatus;1;;1;;;;2;;;;;;;;;;;;;;;;5;;;;;;;;;;;;;;;1;;1;;;1;;;;;;;;;;;;;;;1;;;;;;;;;1;;;1;1;;;;;;1;;;;;;;;;;;;;;;;;;2;;;;3;;;;;1;;;;;;;;;;2;;;;3;;;;;;;;;;;;;1;;;;;;;;;;;;;2;;;;;;;;;1;;;2;;;;;;1;;1;;;;;;;;;;;;;;;;;;;;;1;;;;;;;;;;;1;;;;;;;;;;;;;;;;;;;;;;;;;;;;;;;;;3;;;;;;;;;;;;2;;1;;3;;;;;;;;;;;;;1;;;;;;;1;;;;;;;;;;;;;1;;;;;;;;;;;;
Koeleria pyramidata;;;;;;;;;;;;;;;;;;;;;;;;;;;;;;;;;;;;;;;;;;;;;;;;;;;;;;;;;;;;;;;;;;;;;;;;;;;;;;;;;;;;;;;;;;;;;;;;;;;;;;;;;;;;;;;;;;;;;;;;;;;;;;;;;;;;;;;;;;;;;;;;;;;;;;;;;;;;;;;;;;;;;;;;;;;;;;;;;;;;;;;;;;;;;;;;;1;;;2;;;;1;;;;;;1;;;;;;;;1;;;;;;;;;;;;1;;;;;;;;;;;;;;;;;;;;;;;;;;;;;;;;;;;;;;;;;;;;;;;;;;;;;;;;;;;;;;;;
Lolium perenne L.;;;;;;;;;;1;;;;;;;;;;;;;;;;;;;;;;;;;;;;;;;;;;;;;;;;;;;;;;;;;;;;1;;;;;1;;;;;;;;;;;;;;;;;;;;;1;;;;;;1;;;;;;;;;;;;;;;;;;;;;;;;;;;;;;;;;;;;;;;;;;;;;;;;;;;;;;;;;;;;;;;;2;;;;;;;;;;1;;;;;;;;;;;;2;;1;;;;;;;;;;;;;;;;;;;;;;;;;;;;;;;;;;;;;;;;;;;;;;1;;;;;;;;;;;;;1;;;;;;;;;;;;;1;;;;;;;;;;;;;;;;;;;;;;;;;;;1;;;;;;;;;
Nardus stricta;;;;;;;;;;;;;;;;;;;;;;;;;;;;;;;;;;;;;;;;;;;;;;;;;;;;;;;;;;;;;;;;;;;;;;;;;;;;;;;;;;;;;;;;;;;;;;;;;;;;;;;;;;;;;;;;;;;;1;;;;;;;;;;;;;;;;;;;;;;;;;;;;;;;;;;;;;;;;;;;;;;;;;;;;;;;;;;;;;;;;;;;;;;;;;;;;;;;;;;;;;;;;;;;;;;;;;;;;;;1;;;;;;;;;;1;;;;;;;;;;;;1;;;;;;;;;;;;;;;;;;;;;;;;1;;;;;;;;;;;;;;;;;;;;;;;;;;
Phleum pratense;;;;;;;3;;;;;;;;;;;;1;;;;;;;;;;;;;;;;;;;;;;;;1;;;;;3;;;;;1;;;1;;;;;;;;;;;5;;;;2;;;;;;;;;;;;;;;;;;1;;;;;;;;;;1;;;;;;;;;;;;;2;;;;;;1;;;;1;;;;;;;;;2;;;;;2;2;;;;;;;;;;;;;;1;;;;3;;;;;;;;;3;;;;1;;;;;;;;;;;;;;;;;;;;;;;;;;;;;;;;1;;;;;;;;;;;;;;;;;;1;;2;1;;;;;;;;1;;;;;;;;3;;;;;;;;;;;;;;;;;3;;;;;10;;;;;;;2;;;;2;;;;;;;;2;;;;;;;;;;;;
Phleum phleoides;;;;;;;;;;;;;;;;;;;;;;;;;;;;;;;;;;;;;;;;;;;;;;;;;;;;;;;;;;;;;;;;;;;;;;;;;;;;;;;;;;;;;;;;;;;;;;;;;;;;;;;;;;;;;;;;;;;;;;;;;;;;;;;;;;;;;;;;;;;;;;;;;;;;;;2;;;;;;;;;;;;;;;;;;;;;;;;;;;;;;;;;;;;;;;;;;;;;;;;1;;;;;;;;;;;;;;;;;;;;;;;;;;;;;;;;;;;;;;2;;;;;;;;;;;;;;;;;;;;;;;;;;;;;;;;;;;;;;;;;;;;;;;;1;;;;;;
Poa angustifolia ;;;;1;;;;;;;;1;;;;;;;;;;;;;;;;;;2;;;;;;2;;;;;;;;;;1;;;2;;1;;;3;;;;;;;;;;;2;;;;3;;;;;;;;;;;;;;1;;;1;;;;;;3;1;;;;;;;;;;;;;;;;;;;;;;;;;;;;;;;;;;;;;;;1;;;;;;;1;;;1;;;;1;;;;;;;;1;;2;;;;;;;;;;;;2;;;;;;;1;;;;;;;;;;;;;;;4;;2;;3;;4;;;;;;;;1;;;;;;;;;;;;;;1;;1;;;;;;;;;;;;;;;;;;;;;;;;;;;1;;;;;;;;;;;;;;;;;;;;;;;;;;;;;;;;;;;;;;;;;;;
Poa compressa;;;;;;;;;;;;;;;;;;;;;;;;;;;;;;;;;;;;;;;;;;;;;;;;2;;;;;;;;;;;;;;;;;;;;4;;;;2;;;;;;2;;;;4;;;;;;;;;;;;;;;;;1;;;;;;;;;;;;;3;;;;;;3;;;3;;;1;;;;;;;;;;;;;;;;;;;;;;3;2;;1;;;1;;2;;;;;;;;;;6;;;;;;;;;;;;;;;;;;;;;;3;;;;;;;;;;;;;;;;;;;;;;;;;;;;;;;;;;6;;;;;;;;;;;;;;;;;;2;;;;;;;;;;;;;;;;1;;;;;;;;;;;1;;;;;;;;;;;;;1;;;;1;;;;;;1;;
Poa pratensis;;;;;;;;;;;;;;;;;;;;;;;;;;;;;;;;;;;;;;;;;;;;;;;;;;;;;;;;;;;;;;;;;;;;;;;;;;;;;;1;;;;1;;;;;;;;;;;;;;;;;;;;;;;;;;;;;;;;;;;;;;;;;;;;;;;;;;;;;;;;;;;;;;;;;;;;;;;;;;;;;;;;;;;;;;;;;;;;;;;;;;;;;;;;;;;;;;;;;;;;;;3;;;;;;1;;;;;;;;2;;;;2;;1;;;;;;;1;;;3;;1;;;;;;;;;;;;1;;;;;;;;;;;;;;;;1;;;;;;;;;;;;;;;;;;;;;;;;;;;;;;
Poa trivialis;;;;;;;;;;;;;;;;;1;;;;;;;3;;;;;;;;;;;;;;;;;;;;;;;;1;1;;3;;;;1;;;1;;;;;;;;;;;;;;1;1;;;1;;3;1;;;;;;;1;;;;;;;;;;1;;1;2;;1;;2;;;;;;;1;;;;;;;;;;;1;;1;;;2;1;;;;;;;;;;;;;;;;;2;1;;5;;2;;1;;;;;1;;;;;;;;;;;1;;;1;;1;;;;3;;3;;1;;2;;1;;;;;;1;;3;;;;;;;;;;;;;;;;;;;;;;;;1;;;;1;3;;;4;;1;;;1;;1;;;;;2;;;;;;1;;;1;;;1;;3;;;;1;;2;;;;;;;;1;;;;;;;1;;;;;;;;;;;1;;;;;;;;
Trisetum flavescens (L.) P. Beauv.;;;;2;;;;;;;;;1;;;;;;;1;;;;3;;2;;;;;1;;;;;;;;;1;;1;;;;;;;;;1;;1;;;;3;;;;;;;;;;;;;;;;;;;;1;;;;;;;;;;;;1;;;;;;;;2;;;;;;;;;;1;;;;;;;;;;;;;;;;10;;;;;;;;1;;;;;1;;;;1;;;;;;;;;;;5;;;3;;;;;;;5;;;;;;;;;;;;;;;;;;;1;;;;;;1;;;;;;;;;;;;;;;;;;3;;;;;;;;;2;;;;;;;;;;;1;;1;;;;2;;;3;;;1;1;;;;3;;;2;;;;;20;;;;;;;2;;3;;;;1;;;2;;;;;;;;;;1;;;;;1;;;;;;;1;;;
Triticum spec.;;;;;;;;;;;;;;;;;;;;;;;;;;;;;;;;;;;;1;;;;;;;;;;;;;;;;;;;;;;;;;;;;;;;;;;;;;;;;;;;;;;;;;;;;;;;;;;;;;;;;;;;;;;;;;;;;;;;;;;;;;;;;;;;;;;;;;;;;;;;;;;;;;;;;;;;;;;;;;;;;;;;;;;;;;;;;;;;;;;;;;;;;;;;;;;;;;;;;;;;;;;;;;;;;;;;;;;;;;;;;;;;;;;;;;;;;;;;;;;;;;;;;;;;;;;;;;;;;;;;;;;;;;;;;;;;;;;;;;;;;;;;;;;;;;;
Vulpia myuros;;;;;;;;;;;;;;;;1;;1;;;1;;;;;;;;;;;;;;;;;;;;;;;;;;;;;;;;;;;;;;;;;;;;;2;;;;;;;;;;;;;;;;;;;;;;;;;;;;;;;;;;;;;;;;;;;;;;;;;;;;;;;;;;;;;;;;;;;;1;;;;;;;;;;;;;;;;;;;;;;;;;;;;;;;;;;1;;;;;;;;;;;;;;;;;;;;;;;;;;;;;;;;;;;;;;;;;;;;;;;;;;;;;;;;;;;;;;;;;;;;;;;;;;;;;;;;;;;;;;;;;;;;;;;;;;;;;;;;;;;;;;;;;;;;;;;;;;
Acer campestre;;;;;;;;;;;;;;;;;;;;;;;;;;;;;;;;;;;;;;;;;;;;;;;;;;;;;;;;;;;;;;;;;;;;;;;;;;;;;;;;;;;;;;;;;;;;;;;;;;;;;;;;;;;;;;;;;;;;;;;;;;;;;;;;;;;;;;;;;;;;;;;;;;;;;;;;;;;;;;;;;;;;;;;;;;1;;;;;;;;;;;;;;;;;;;;;;;;;;;;;;;;;;;;;;;;;;;;;;;;;;;;;;;;;;;;;;;;;;;;;;;;;;;;;;;;;;;;;;;;;;1;;;;;;;;;;;;;;;;;;;;;;;;;;;;;;
Acer pseudoplatanus;;;;;;;;;;;;;;;;;;;;;;;;;;;;;;1;;;;;;;;;;;;1;;;;;;;3;;2;;2;;1;;2;;1;;1;;2;;5;;5;;40;;40;;;;3;;;;;1;;1;;;;2;;;;;;1;;;;3;;;;;;;;;;;;;;;;;;;;;;;;;;;;;;;;;;;;;;;;;;;;;;;;;;;;;;;;;;;;;;;;;;;;;;2;;;;;;;;;;;;;;1;;1;1;;;1;1;;2;;4;;;;;;;;;;;;;;;;;;;;;;;;;;;;;;;;;;;;;;;;;;;;;;;;;;;;;;;;;;;;;;;;;;;;;1;;;;;;;;;;;;;;;;;;;;;;;;;;;;;;
Achillea millefolium agg.;;1;;;;;40;;40;;25;;;1;;;;;;;;;;;1;;20;;;1;2;;1;;1;;;;10;;;;;;5;;;1;;;1;;3;;2;;;;;;5;;;;;;;;1;;;;5;;;;;4;;;;;2;;;;;;;2;;;5;;1;;1;;;;;;;;10;;;;;;5;;;;;;;;5;;;;;;;;2;;;;;;;;;;;;;;5;;8;;;;;;;;;;;;10;;;;;;25;;8;;1;;3;;;;;;;;1;;;;;;;;;;;;2;;;;;;;1;;;2;;;;5;;;;;;;;;;;;;;;2;1;;;1;;2;;1;;;2;;;1;;1;1;;;;;;;;3;;;;;;1;;;;;;;;;;;;10;;2;;;1;;;;;2;;;2;;1;;2;;1;;2;3;;;;8;;;1;;
Aegopodium podagraria;;;;;;;;;;;;;;;;;;;;;;;;;;;;;;;;;;;;;;;;;;;;1;;;;;;;;;;;;;;;;;;;;;;;;;;;;;;;;;;;;;;;;;;;;;;;;;;;;;;;;;;;;;;;;;;;;;;;;;;;;;;;;;;;;;;;;;;;;;;;;;;;;;;;;;;;;;;;;;;;;;;;;;;;;;;;;;;;;;;;;;;;;;;;;;;;;;;;;;;;;;;;;;;;;;;;;;;;;;;;;;;;;;;;;;;;;;;;;;;;;;;;;;;;;;;;;;;;;;;;;;;;;;;;;;;;;;;;;;;;;;;;;;;;;;;
Agrimonia eupatoria;;;;;;;;;;;;;;;;;;;;;;;;;;;;;;;;;;;;1;;;;;;;;;;;;;;;;;;;;;;;;;;;;;;;;;;;;;;;;;;;;;;;;;;;;;;;;;;;;;;;;;;;;1;;;;;;;;;;;;;;;;;;;;;;;;1;;;;;;;;;;;;;;;;;;;;;;3;;;;;;;;;;;;;;;;;;2;;;;;;;;;;;;1;;;;;;;;;;1;;;;;;;;;;;;;;;;;;;;;;;;;;;;;;;;;;;;;;;;;;;;;;;;;;;;;;;;;;;;;;1;;;;;;;;;;;;;;;;;;;;;;1;;;;;;;;;;;;;;;;
Ajuga reptans L.;;;;;;;;;;;;;;;;;;;;1;;;;;;;;;;;;;;;;;;;;;;;;;;;;1;;;;;;1;;;;;;;;;;;;;;;;;;;;;;;;;;1;;;;;;;;1;;;;;;;;;;;;;;;;;;1;;;;1;;;;;;;;;;1;;;;;;;;;;;;;;;;;;;;;;;;;;;;;;;1;;;1;;;;;;;;;;;;;;;;;;;;;;1;;;;;;1;;;;;;;1;;1;;;;;;;;;;;;;;;;;;;;;;;;;;;;;;;;;;;;;;;;;;;;;;;;;;;;;;;;;;;;;;;1;;;;;;;;;;;;;;;;;;;;;;;;;;;;;;;;;;;;
Amaranthus retroflexus;;;;;;;;;;;;;;;;;;;;;;;;;;;;;;;;;;;;;;;;;;;;;;;;;;;;;;;;;;;;;;;;;;;;;;;;;;;;;;;;;;;;;;;;;;;;;;;;;;1;;;;;;;;;;;;;;;;;;;;;;;;;;;;;;;;;;;;;;;;;;;;;;;;;;;;;;;;;;;;;;;;;;;;;;;;;;;;;;;;;;;;;;;;;;;;;;;;;;;;;;;;;;;;;;;;;;;;;;;;;;;;;;;;;;;;;;;;;;;;;;;;;;;;;;;;;;;;;;;;;;;;;;;;;;;;;;;;;;;;;;;;;;;;;;;;
Anagallis arvensis;;;;;;;;;;;;;;;;;;;;;;;;;;;;;;;;;;;;;;;;;;;;;;;;;;;;;;;;;;;;;;;;;;;;;;;;;;;;;;;;;;;;;;;;;;;;;;;;;;1;;;;;;;;;;;;;;;;;;1;;;;;;;;;;;;;;;;;;;;;;;;;;;;;;;;;;;;;;;;;;;;;;;;;;;;;;;;;;;;;;;;;;;;;;;;;;;;;;;;;;;;;;;;;;;;;;;;;;;;;;;;;;;;;;;;;;;;;;;;;;;;;;;;;;;;;;;;;;;;;;;;;;;;;;;;;;;;;;;;;;;;;;;;;;;;;;
Angelica sylvestris;;;;;;;;;;1;;;;;;;;;;;;;;;;;;;;;;;;;;;;;;;;;;;;;;;;;;;;;;;;;;;;;;;;;;;;;;;;;;;;;;;;;;;;;;;;;;;;;;;;;;;;;;;;;;;;;;;;;;;;;;;;;;;;;;;;;;;;;;;;;;;;;;;;;;;;;;;;;;;;;;;;;;;;;;;;;;;;;;;;;;;;;;;;;;;;;;;;;;;;;;;;;;;;;;;;;;;;;;;;;;;;;;;;;;;;;;;;;;;;;;;;;;;;;;;;;;;;;;;;;;;;;;;;;;;;;;;;;;;;;;;;;;;;;;;;
Anthericum ramosum;;;;;;;;;;;;;;;;;;;;;;;;;;;;;;;;;;;;;;;;;;;;;;;;;;;;;;;;;;;;;;;;;;;;;;;;;;;;;;;;;;;;;;;;;;;;;;;;;;;;;;;;;;;;;;;;;;;;;;;;;;;;;;;;;;;;;;;;;;;;;;;;;;;;;;;;;;;;;;;;;;;;;;;;;;;;;;;;;;;;;;;;;;;;;;;;;;;;;;;;;;;;;;;;;;;;;;;;;;;;;;;;;;;;;;;;;;;;;;;;;;;;;;;;;;;;;;;;;;;;;;;;;;;;;;;;;;;;;;;;;;;;;;;;;;
Anthyllis vulneraria L. s. l.;;;;;;;;;;;2;;;;;;;;;;;;;;;;;;5;;;;;;15;;;;;;;;;;2;;;;10;;;;;;;;;;;;;;55;;;;;;;;;;;;;;;;10;;;;3;;;;10;;;;;;;;;;;;;;3;;;;;;;;;;;;;;;;;;3;;;;;;2;;3;;;;;;2;;;;;;;;;1;;;;;;;;;;;;;;;;;4;;;;;;10;;5;;;;;;;;;;;;;;;;5;;;;;;;;;;5;;;;;;;;;;;;;;;;10;;;;;;;;;;;;;;;;10;;;;;;;;;;5;;;;1;;;;;;8;;10;;;;15;;;;5;;;;;;2;;;;;;;;;;;;;;;;;;;;;;;;;;;;;
Arabis hirsuta;;;3;;;;;;;;;;;;;;;;;;;;;;;;;;;;;;;;;;;;;;;;;;;;;;;;;;;;;;;;;;;;;;;1;;;;;;;;;;;;;;;;;;2;;;;;;;;;;;;;;;;;;;;;;2;;;;;;;;;;;;;;;;;;;;;;1;;;;;;;;;;;;1;;;;;;;;;;;;;;;;;;;;;;;;;;;1;;;;;;;;;;;;;;;;;;;;;;;;;;;;;;;;;;;2;;;;;;;;1;;;;;;1;;;;;;;;;4;;;;;;;;;;;;;;;;;;;;;;;;;;;;;;;;;;;;;;;;;;;;;;;;;;;;;;;;;;;;;;;;;
Arenaria serpyllifolia;;;;;;;;;;;;;;;;;;;;;;;;;;;;;;;;;;;;;;;;;;;;;;;;;;;;;;;;;;;;;;;;;;;;;;;;;;;;;;;;;;;;;;3;;;;;;;;;;;;;;2;;;;;;;;;;;;;;;;;;;1;;;;;1;;;;;;;;;;1;;;;;;;;;;;;;;;;1;;;;1;1;;;1;;;;4;;;;2;1;;;;;;;1;1;;;;1;;;;;;;;;2;;3;;;;;;;;;;;;;;;;2;;;;;;;;;;;;;;;;;;;;;;;;;;;;;;;;;;;;;;;;;;3;;;1;;1;;;;;;;;;;1;;;;;;;;;;;;;;;;1;;;;;;;;;;;
Artemisia vulgaris;;;;;;;;;;;;;;;;;;;;;;;;;;;;;;;;;;;;;;;;;;;;;;;;;;;;;;;;;;;;;;;;;;;;;;;;;;;;;;;;;;;;;;;;;;;;;;;;;;;;;;;;;;;;;;;;;;;;;;;;;;;;;;;;;;;;;;;;;;;;;;;;;;;;;;;;;;;;;;;;;;2;;;;;;;;;;;;;;;;;;;;;;;;;;;;;;;;;;;;;;;;;;;1;;;;;;;;;;;;;;;;;;;;;;;;;;;;;;;;;;;;;;;;;;;;;;;;2;;;;;;;;;;;;;;;;;;;;;;;;;;;;3;;;;;;;;;
Asperula cynanchica;;2;;;;;;;;;;;;;;;;;;;;;;;;;;2;;;;;;;;;;;;;;;;;;;;;;1;;;;;;;;;;;;;;;;;;;;;;;;;;;;;;;;;;;;;;;;;;;;;;;;;;;;;;;;;;;;;;;;;;;;;;;;;;;;;;;;;;;;;;;;;;;;;;;;;;;;;;;;;;;;3;;;;;;;;;;;;;;;;;;;;;;;;;;;;;;;;;;;;;;;;;;;;;;;;;;;;;;;;;;;;;;;;;;;;;;;;;;2;;;;;;;;;;;;;;;;1;;;;4;;;;;;;;;;;;;;;;;;;;;;;;;;;;;;;;1;;;;;;
Barbarea vulgaris;;1;;;;;;;;;;;;;;;;;;;;;;;;;;;;;;;;;;;;;;;;;;;;;;;;;;;;;;;;;;;;;;;;;;;;;;;;;;;;;;;;;;3;;;;;;;;;;;;;;;;;;;;;;;;;;;;;;;;;;;;;;;;;;;;;;;;;;;;;;;;1;;;;;;;;;;;;;;;;;;;;;;;;;;;;;;;;;;;;;;;;;;;;;;;;;;;;;;;;;;;;;;;;;;;;;;;;;;;;;;;;;;;;;;;;;;;;;;;;;;;;;;;;;;;;;;;;;;;;;;;;;;;;;;;;;;;;;;;;;;;;;;;;;;;;;;
Bellis perennis;;;;;;;;;;;;;;;;;;;;;;;;;;;;;;;;;;;;;;;;;;;;;;;;;;;;;;;;;;;;;;;;;;;;;;;;;;;;;;;;;;;;;;;;;;;;;;;;;;;;;;;;;;;;;;;;;;;;;;;;;;;;;;;;;;;;;;;;;;;;;;;;;;;;;;;;;;;;;;;;;;;;;;;;;;;;;;;;;;;;;;;;;;;;;;;;;;;;;;;;;;;;;;;;;;;;;;;;;;;;;;;;;;;;;;;;;;;;;;;;;;;;;;;;;;;;1;;;;;;;;;;;;;;;;;;;;;;;;;;;;;;;;;;;;;;
Bunias orientalis;5;;;2;10;;5;;3;;3;;3;;10;;10;;5;;10;;10;;3;;6;;;;;;5;;2;;2;;2;;2;;;;1;;;;;;;;;;;;;;;;;;;;;;;;;;;;;;;;;;;;;;;;;;;;;;;;;;;;;;;;;;;;;;;;;;;;;;;;;;;;;;;;;;;;;;;;;;;;;;;;;;;;;;;;;;;;;;;;;;;;;;;;;;;;;;;;;;;;;;;;;;;;;;;;;;;;;;;;;;;;;;;;;;;;;;;;;;;;;;;;;;;;;;;;;;;;;;;;;;;;;;;;;;;;;;;;;;15;;3;;1;;;;;;1;;1;;;;2;;10;;1;;8;;;;;;;;;;;;;
Buphthalmum salicifolium;;;;;;;;;;;;2;;;;;;;;;20;;;;;;;2;;;;;;;;;;;;;;;;;;;;;;;;;;;;;;;;;;;;;;1;;;;;;;;;;;;;;;;;1;;;;;;;;;;;;;;;;;;;;;;2;;;;;;;;;;;;;;;;;;;;;;;;;;;;;;;;;;;;;;;;;;;;;;;;;;;;;;;;;;;;;;;;;;;;;;;;;;;;;;1;;;;;;15;;1;;;2;;;;;;;;;;;;;;;3;;;;;;;;;;;;;;;;2;;;;;;3;;;;;;;;;;;;;;;;;;;;;;;;;;;;;;;;;;;;;;;;;;;;;;;;;;;;;;;;;;;
Brassica napus;;;;;;;;;;;;;;;;;;;;;;;;;;;;;;;;;;;;;;;;;;;;;;;;;;;;;;;;;;;;;;;;;;;;;;;;;;;;;;;;;;;;;;;;;;;;;;;;;;;;;;;;;;;;;;;;;;;;;;;;;;;;;;1;;;;;;;;;;;;;;;;;;;;;;;;;;;;;;;;;;;;;;;;;;;;;;;;;;;;;;;;;;;;;;;;;;;;;;;;;;;;;;;;;;;;;;;;;;;;;;;;;;;;;;;;;;;;;;;;;;;;;;;;;;;;;;;;;;;;;;;;;;;;;;;;;;;;;;;;;;;;;;;;;;;;
Calystegia sepium (L.) R. Br.;;;5;;3;;;;;;5;;1;;1;;3;;;3;3;;;1;1;;5;;5;;5;;5;;3;;;;;;;;;;;;;;3;;1;;1;;1;;;;;;;;10;;;;;;;;;;;;;;;;2;;;1;;;1;;;;;;1;;;;;;3;;;;;2;;;;1;;1;;;1;;1;;1;;2;;;2;;1;;1;1;;1;;3;;2;;2;;2;;;;1;;;;;;1;;3;;1;;5;;5;;1;;3;;5;;;;;;2;;3;;2;;1;;5;;5;;5;;1;;1;;1;;2;;1;;3;;1;;;1;;2;;1;;;3;;;1;1;;1;;;2;1;;;;;;;1;;;;;;;;1;;2;;;;3;;3;1;;;;;;1;;1;;;;1;;;;;;;;3;;;1;;;;2;1;;;;;;1;;;;;1;;;;2;;3;;;;;;;;2;1;
Campanula glomerata;;;;;;;;;;;;;;;;;;;;;;;;;;;;;;;;;;;;;;;;;;;;;;;;;;;;;;;;;;;;;;;;;;;;;;;;;;;;;;;;;;;;;;;;;;;;;;;;;;;;;;;;;;;;;;;;;;;;;;;;;;;;;;;;;;;;;;;;;;;;;;;;;;;;;;;;;;;;;;;;;;;;;;;;;;;;1;;;;;;;;;;;;;;;;;;;;;;;;;;;;;;;;;;;;;;;;;;;;;;;;;;;;;;;;;;;;;;;;;;;;;;;;;;;;;;;;;;;;;;;;;;;;;;;;;;;;;;;;;;;;;;;;;;;;;;
Campanula rotundifolia;;;;;;;;;;;;;;;;;;;;;;;;1;;;;;;;;;;;;;;;;;;;;;;;;;;;;;;;;;;;;;;;;;;;;;;;;;;;;;;;;;;2;;;;;;;;;;;;;;;;;;;;1;;;;;;;;;;;;;;;;;;;;;;;;;;;;;;;;;;;;;;;;;;;;;;;;;;;;;;;;;;;;;;;;;;;;;;;;;;;;;;;;;;;;;;;;;;;;;;;;;;;;;;;;;;;;;;;;;;;;;;;;;;;;;;;;1;;;;;;;;;;;;;;;;;;;;;;;;;;;;;;;;;;;;;;;;;;;;;;;;;;;;;;;;;;;;
Capsella bursa-pastoris (L.) Med.;;;;1;;;;2;;;;;;1;;;;;;;;2;;1;;2;;2;;1;;;;2;;2;;;;;;1;;1;;;;1;;1;;;;;;;;;;;1;;;1;;;;2;;1;;1;;;;;;;;;;;;2;;2;;;;1;;;;2;;2;;;;;;;;;;;;;;;;3;;1;;;;1;;;;1;;;;1;;;;;;;;;;1;;;;2;;1;;3;;;;;;;;;;1;1;;;;;1;;;;1;;1;;;;1;;;;;;;;;;;;2;;;;;;1;;2;;;;;;;;;;1;;;;1;;;;;;;;1;;;;3;;2;;;;;;1;;;;;;;;;1;;;;;1;;;;1;;1;;1;;1;;;;;;;;1;;;;3;;;;;;;;;;1;;2;;;1;;1;;;;;;;;;;;;;
Cardamine hirsuta;;;;;;;;;;;;;;;;;;;;;;;;;;;;;;;;;;;;;;;;;;;;;;;;;;;;;;;;;;;;;;;;;;;;;;;;;;;;;;;;;;;;;;;;;;;;;;;;;;;;;;;;;;;;;;;;;;;;;;;;;;;;;;;;;;;;;;;;;;;;;;;;;;;;;;;;;;;;;;;;;;;;;;;;;;;;;;;;1;;;;;;;;;;;;;;;;;;;;;;;;;;;;;;;;;;;;;;;;;;;;;;;;;;;;;;;;;;;;;;;;;;;;;;;;;;;;;;;;;;;;;;;;;;;;;;;;;;;;;;;;;;;;;;;;;;
Carlina vulgaris;;;;;;;;;;;;;;;;;;;;;;;;;;;;;;;;;;;;;;;;;;;;;;;;;;;;;;;;;;;;;;;;;;;;;;;;;;;;;;;;;;;;;;;;;;;;;;;;;;;;;;;;;;;;;;;;;;;;;;;;;;;;;;;;;;;;;;;;;;;;;;;;;;;;;;;;;;;;;;;;;;;;;;;;;;;;;;;;;;;;;;;;;;;;;;;;;;;;;;;;;;;;;;;;;;;;;;;;;;;;;;;;;;;;;;;;;;;;;;;;;;;;;;;;;;;;;;;;;;;;;;;;;;;;;;;;;;;;;;;;;;;;;;;;;;
Centaurea jacea  L. s. str.;;;;;5;;;;;;;;40;;;;;;;;;;;;;;;;;;15;;;;;;;;;;;;;;;;;;;;;;;;;;;;;;;;;;;;10;;;;;;3;;;;;;;;;;;;;;;;15;;;;;;;1;;;;;;2;;;;;15;;;;30;;;;;;;;;;;;;;;;;;1;;8;;;;;;;;;;;;;;;;1;;;;;;;;30;;;;;;;;5;;;;;;;;;;;;;;;;;;;;;;;;5;;;1;;;;1;;2;;;;;;;;;;;;;;;;1;;;;;;;;;;;;1;1;;;;;;;;2;;;;;;1;;20;;;;15;;;;;;;;;;;;;;;;;;;;15;;;;;1;;2;;;;1;;;;;;;;;;;;;;2
Centaurea scabiosa ssp. scabiosa L.;;;;1;1;;;;;;;;;;1;;;;;;;;;;1;;;;;;;;;;;;5;;;;;;;;;;;;10;;;;;;;;;;;;;;;;;;;;3;;;;;;;;2;;;;;;;;;;;;;;;;;;5;;;;;;;;;1;;;10;;;;5;;2;;;;;;;;;;;;;;5;;2;;1;;;;;;10;;;;;;;;;;1;;;;;;15;;;;;;;;;;15;;3;;5;;;2;;;;;;;;;3;;;;;;;;;;;;;;;;;;;;;;60;;;;1;;;;;;10;;;;;;;;;;;;;1;;;;1;;;;2;;;;;;;;;;;;;;;;;;2;;;1;;;;;;3;;;;;;;;;;;;;;1;;;;2;;;;;;2;;;;;;;
Centaurea stoebe L. s. l.;30;;45;;;;;;;;;;;;;;;;;;;;;;;;;;;;;;;;;;;;;;;;;;55;;;;;;;;;;;;;;50;;;;;;;;;;;;;;;;;;;;2;;;;;;;;;;;;70;;3;;;;;;;;;;10;;;;;;;;;;;;60;;;;;;;;;;;;;;80;;;;;;;;;;;;;;;;;;;;;;;;;;;;;;80;;;;;;;;;;25;;;;;;30;;;;;;;;;;;;;;;;;;;;;;;;;;;;;;;;75;;;;;;;;;;;;;;;;;;;;;;;;;;;;;;;;65;;;;;;;;;;;;;;;;;;;;;;60;;;;;;;;;;;;;;;;;;;;20;;;;;;;;60;
Cerastium arvense;;;;1;;;;;;;;;;;;;;1;;;;2;;;;2;;;1;;;;;;;;;;;;;;;1;;;;2;;;;;;;;1;;;;;;;;;;;;;;;;;;;;;;;;;;;;;;;;;;;;;;;;;;;;;;;;;;;;;;;;;;;;3;;2;;;;;;;;;;;;;;;;;;;;;;;;;;;;;;;;;;;;;;;;;;;;;;;;;;;;;;;;;;;;;;;;;;;;;;;;;;;;;;;;;;;;;;;;;;;;;;;;;;;;;;;;;;;;;;;;;;;;2;;;;;;;;;;;;;;;;;;;;;1;;;;;1;;;;1;;;;;;1;1;;;1;;1;;;;;;;;;;;;;;1
Cerastium fontanum;;;;;;;;;;;;;;;;;;;;;;;;;;;;;;;;;;;;;;;;;;;;;;;;;;;;;;;;;;;;;;;;;;;;;;;;;;;;;;;;;;;;;;;;;;;;;;;;;;;;;;;;;;;;;;;;1;;;;;;;;;;;;;;;;;;;;;;;;;;;;;;;;;;;;;;;;;;;;;;;;;;;;;;;;;;;;;;;;;;;;;;;;;;;;;;;;;;;;;;;;;;;;;;;;;;;;;;;;;;;;;;;;;;;;;;;;;;;;;;;;;;;;;;;;;;;;;;;;;;;;;;;;;;;;;;;;;;;;;;;;;;;;;;;;;;
Cerastium glomeratum;;;;;;;;;;;;;;;;;;;;;;1;;;;;;;;;;;;;;;;;;;;;;;;;;;;;;;;;;;;;;;;1;;;;;;;;;;;;;;;;;;1;;1;;;;;;1;;1;;;;;;;;;2;;;;;;;;;;;;;;;;;;;;;;;1;;;;;;;;;;1;;;;;;;;;;;;;;;;;;;;;;;;2;;;;;;1;;;;;;;;;;;;;;;;;;;;;;;;;;;;;;1;;;;;;;;;;;;;;;;;;;;;;;;;;1;;;;;;;;;;;;4;;;;;;;;;;;;;;;;;;;;2;;;;;;2;;;;2;;2;;1;;;;;;;;;;;;;;1;;1;;;;;;;;;;
Cerastium holosteoides;;;;1;1;;1;;;;;1;1;;1;;1;;1;;1;;;;1;;;;1;;1;;1;;;;1;;;;1;;;2;;;;1;2;;;2;;;1;;;1;1;;;3;1;;;;5;;1;;;;20;;3;;1;;15;;5;;1;;1;;1;;1;;;2;1;;1;;5;;1;;1;;1;;;2;2;;1;;1;;1;;1;;;5;1;;1;;3;;1;;1;;1;;1;;1;;1;;2;;2;;1;;1;;3;;1;;1;;1;;1;;1;;;2;1;;;3;1;;1;;;1;3;;;1;3;;3;;1;;1;;;1;2;;1;;2;;1;;;;;2;;1;;1;;2;;;;1;;3;;2;;5;1;;;6;;7;;6;1;;;4;3;;;1;25;;1;;1;;1;;;;1;;;1;1;;;;;;;;;;1;;2;;1;;;;1;;;;;;;;;1;;1;;2;;1;;4;;1;;3;5;;;;;4;;4;;3
Chenopodium album L.;;1;1;;;;;;;;;;;;;;;;;;;;;;;;;1;;;;;;;;;;;;;;;;;;;;;;;;;;;;;;;;;;;;1;;;;;;;;;;;;;;;;;;;;;;;;;;;;;;;;;;1;;;;;;;;;;1;;;;;;;;;;;;;;;;;;;;;;;;;;;;;;;;;;;;;;2;;;;;;;;;;;;;;;;;;;;;;;;;;;;;;;;;;;1;;;;;;;;;;1;;;;;;;;;;;;;;;;;;;;;;;;;;;;;;;;;;;;;;;;;;;;;;;;;;;;;;;;;;;;;;;;;;;;;;;;;;;;;;;;;;;;;;;;;;;;;;;;;;;
Chenopodium polyspermum;;;;;;;;;;;;;;;;;;;;;;;;;;;;;;;;;;;;;;;;;;;;;;;;;;;;;;;;;;;;;;;;;;;;;;;;;;;;;;;;;;;;;;;;;;;;;;;;;;;;;;;;;;;;;;;;;;;;;;;;;;;;;;;;;;;;;;;;;;;;;;;;;;;;;;;;;;;;;;;;;;;;;;;;;;;;;;3;;;;;;;;;;;;;;;;;;;;;;;;;;;;;;;;;;;;;;;;;;;;;;;;;;;;;;;;;;;;;;;;;;;;;;;;;;;;;;;;;;;;;;;;;;;;;;;;;;;;;;;;;;;;;;;;;;2;;
Cichorium intybus L.;;;;;;;;;;;;;;;;;;;;1;;;5;;;;;;;;1;;;;;;;;1;;;;;;;;;;2;;;;;;;1;5;;;;10;;8;;;;;;;;20;;;;;;3;;;;;;;;;;;;;;;;;;;;;;;;;;;;;1;;1;;1;;;;;;;;;;;;;;;;;;;;;;1;;;;;5;;;;;;5;;;;;;;;1;;;1;10;;;;;;8;;1;;;;;;;;;;1;;;;;;;;;;;;;;10;;;1;;;;;;;;;;;;;;;;;;;;;;;;;;;;1;2;;;;;1;;;;;10;;;;1;;;;;;;;;;;;8;;;1;;;;;;;;;;;;;;;;;;1;;;;;;;;;;;;;;;;;;;2;;5;;;
Cirsium arvense (L.) Scop.;;;;;;;;;;;;;;;;;;;;;;;;;;;;1;;1;;;;;;;;;;;;;;;;;;;;;;;;;;1;;;;;;;;1;;;;;;;;;;;;;;;;;;;;;;;;;;;;;;;;;;;;;;;;;;;;;;1;;;;;;;;;;;;;;;;;;;;;;;;1;;;;;;;;;;;;;;;;;;;;;;;;;;;;;;;;;;;;;;;;;;6;1;;;;;;;;;;;;;;;1;;;;;;;;;;;;;;;;;;;;;;;;;;;;;;;;;;;;;;;;;;;;;;;;;;;;;;;;;;;;;;1;;;;;;;;;;;;;;;;;;;;1;;;;;;;;;;;;;;;;
Cirsium oleraceum;;;;;;2;;;;;;;;;;;;;;;;;;;;;;;;;;;;;;;;;;;;;;;;;;;;;;;;;;;;;;;;;;;;;;;;;;;;;;;;;;;;;;;;;;;;;;;;;;;;;;;;;;;;;;;;;;;;;;;;;;;;;;;;;;;;;;;;;;;;;;;;;;;;;;;;;;;;;;;;;;;;;;;;;;;;;;;;;;;;;;;;;;;;;;;;;;;;;;;;;;;;;;;;;;;;;;;;;;;;;;;;;;;;;;;;;;;;;;;;;;;;;;;;;;;;;;;;;;;;;;2;;;;;;;;;;;;;;;;;;;;;;;;;;;;;;
Cirsium vulgare;;;;;;;;;;;;;;;;;;;;;;;;;;;;;;;;;;;;;;;;;;;;;;;;;;;;;;;;;;;;;;;;1;;;;;;;;;;;;;;1;;;;;;;;;;;;;;;;;;;;;;;;;;;;;;;;;;;;;;;;;;;;;;;;;;;;;;;;;;;;;;;;;;1;;;;;;;;;;;;;;;;;;;;;;;;;;;;;;;;;;;;;;;;;;;;;;;;;;;;;;;;;;;;;;;;;;;;;;;;;;;;;;;;;;;;;;;;;;;;;;;;;;;;;;;;;;;;;1;;;;;;;;;;;;;;;;;;;;;;;;;;;;;;;;;;;;;
Clinopodium vulgare L.;;;;;;;;;;;;;;;;;;;;;;;;;;;;2;;;;;4;;10;;;;;;;;;;;;;;;;;;;;;;;;;;;;;;;;;;;;;;;;1;;;;1;;;;;;;;;;;;;;;4;;;;;;;;;;;3;;;;;;;;;;;;;;;;;;;;;;;;1;;;;;;;;;;;;;;;;3;;;;;;;;;;;;;;;1;;;;;;1;;;;;;;;;;;;;;;;;;;;;;;;;;;;;;;;1;;;;2;;;;;;;;1;;;;;;;;1;;;;;;;2;;;;;;;;;;;;;;;;;;1;;;;;;;;;;;;;;;;;;;;;;;;;;;3;;;;;;;;;;;;;1;;;;;;;
Convolvulus arvensis L.;3;;1;;1;;3;;5;;2;;10;;10;;3;;;;;;;;;;;;;;;;;;;;1;;;;5;;3;;1;;1;;15;;60;;75;;30;;10;;20;;5;;10;;20;;2;;1;;;;5;;;;;;;;5;;1;;;;;;1;;1;;1;;2;;;1;30;;10;;10;;5;;;;1;;1;;;;1;;1;;;;;;;;;;1;;2;;40;;80;;30;;25;;30;;5;;20;;40;;1;;;;;;3;;3;;2;;10;;25;;10;;1;;3;;;;5;;10;;25;;10;;15;;5;;5;;15;;10;;10;;20;;3;;10;;8;;10;;10;;15;;;;1;;1;;;;;;1;;;2;1;;;;5;;;1;1;;3;;1;;5;;40;;20;;;;5;;10;;10;;5;;10;;5;;1;;5;;2;;5;;;1;;;1;;;;;;;;;;;;1;;;2;5;;30;;5;;;;;
Conyza canadensis;;;;;;;;;;;;;;;;1;;2;;;;3;;;;;;;;;;;;;;;;;;;;;;;;;;;;;;;;;;;;;;;;;;;;;;;;;;;;;;;;;;1;;;;;;;;;;;;;;;;;;;;;;;;;;;;;;;;;;;;;;;;;;;;;;;;1;;;;;;1;;1;;;;1;;;;;;;;;;;;;;;;1;;;;;;;;;;;;;;;;1;;;;;;;;;;;;;;;;;;;;;;;;;;;;;;;;;;;;;;;;;;;;;;;;;;;;;;;;;;;;;;;;;;;;;;;;;;;;;;;;;;;;;;;;;;;;;;;;;;;;1;;;;;;;;;;;;;;;;;;
Crepis biennis L.;;;;;;;;;25;;;;;;;;;;60;;;;;;;;;;;;;;;;;;45;;;;;;60;;;;;;;;;;;1;;;;;;;20;;;;;;20;;;;;;20;;;;;;;;;1;;1;;;;1;25;;;;;;;;10;;15;;;;;;;;;;;;20;;;;;;;;;;20;;;;;;;;;;;;1;;;;;;;;;;;;;;;;;;;;;;;;;;;;;;25;;;;;;;;;;2;;1;;;;20;;25;;;;;;;;;;;;;;5;;;;;;;;;;15;;;;;;10;;;;;;;;;;;;;1;;;;;;;;;;;;;35;;;;;;;;2;;;;;;;;;;;;;;;;;;;1;;;;;10;;;;;;;;3;;;1;;;;;15;;10;;;
Daucus carota L.;;;;;;;;;10;;;;;;;;;;;;;;;;;;;;;;10;;;;;;;;2;;1;;;;;;;;;;5;;3;;;;;;;;;;;;;;;;;;;;;1;;;;;;;15;;;;;;;;3;;;;;;;;;;;;;;;;;;15;;;;;;;;;;8;;;;;;;;;1;;;;;15;;;;5;;;;;;;;;;;;;;;;;;;;;;;;;;15;;;;;;;;;;3;;;;;;;;;;;;;;;;;1;;;;;;;;;;;5;;;;20;;;;;;;;;;4;;;;;;;;;;;;;;;;;;;;;;;;30;;;;35;;;;10;;;;;;;;;;;;20;;;;;;;;25;;;;;;1;;;;;;;;;;;;;;;;;;;
Dianthus carthusianorum;;;;3;;;;;;;;;;;;;2;;;;;;;;;;;;;;;;;;;;;;;;;;;;;2;;;;;;;;;;;;;;;;;;;;;;;;;;;;;;;;;;;;;;;;;;2;;;;;1;;;;;;;;;;;;;;;;;;;;;;;;;;;;;;;;;;;;;1;;;;;;;;;;;;;;;;;;;;;;;;;;;1;;;;;;;;;2;;;1;;;;;;;;;;;;;;;;;;;;;1;;;;;;;;;;;;5;;;;;;;;;;;;;;;;;;;;;;2;;;1;;;;;;;;;;;;;4;;;;;;;;4;;;;2;;;;;;;;;;3;;;;;;;;;;;;;;;;;;;;;;;;;;;;
Echinochloa crus-galli;;;;;;;;;;;;;;;;;;;;;;;;;;;;;;;;;;;;;;;;;;;;;;;;;;;;;;;;;;;;;;;;;;;;;;;;;;;;;;;;;;;;;;;;;;;;;;;;;;;;;;;;;;;;;;;;;;;;;;;;;;;;;;;;1;;;;;;;;;;;;;;;;;;;;;;;;;;;;;;;;;;;;;;;;;;;;;;;;;;;;;;;;;;;;;;;;;;;;;;;;;;;;;;;;;;;;;;;;;;;;;;;;;;;;;;;;;;;;;;;;;;;;;;;;;;;;;;;;;;;;;;;;;;;;;;;;;;;;;;;;;;;;;;;;;;
Echium vulgare L.;;;30;;;;;;;;;;;;;;;;;;10;;;;;;;;;;;;;;15;;;;;;;;;;;;;;;;;;;;;;;;;;;;;;;;;;;;;;;;;;;;;;;;80;;;;;;;1;;;75;;;;;;;;;1;75;;;;;;;;;;;;;;;;70;;;;;;;;60;;;;;;;;;;;;;;90;;;;;;;;50;;;;;;;;85;;;;;;;;;;25;;;;;;;;;;;;;;;;65;;;;;;;;;;5;;;;85;;;;;;;;;;;;;;;;;;40;;;;;;;;;;1;;;;;;;;;;1;;;;;;;;;;;;5;;;;30;;;;35;;;;;;3;;;;;;5;;;;;;;;;;;;;;;;;;;;;;;
Erigeron annuus;;;;;;;;;;;;;;;;;;;;;;;1;;;;;;;;;;;1;;;;;;;;;;;;;;;;;;;;;;;;;;;;;;;;;;;;;;;;;;;;;;;;;;;;;;;;;;;;;;;;;;;;;;;;;;;;;;1;;;;;;;;;;;;;;;;;;;;;;;;;;;;;;;;;;;;;;;;;;;;;;;;;;;;;;;;;;;;;;;;;;;;;;;;;;;;;;1;;;;;;;;;;;;;;;;;;;;;;;;;;;;;;;;;1;;;;;;;;;;;;;;;;;;;;;;;;;;;;;;;;;1;;;;;;;;;;;;;;;;;;1;;;;;;;;;;;;;;;;
Erysimum cheiranthoides;;;;;;;;;;;;;;;;;;;;;;;;;;;;;;;;;;;;;;;;;;;;;;;;;;;;;;;;;;;;;;;;;;;;;;;;;5;;;;;;;;;;;;;;;;;;;;;;;;;;;;;;;;;;;;;;;;;;;;;;;;;;;;;;;;;;;;;;;;;;;;;;;;;;;;;;;;;;;;;;;;;;;;;;;;;;;;;;;;;;;;;;;;;;;;;;;;;;;;;;;;;;;;;;;;;;;;;;;;;;;;;;;;;;;;;;;;;;;;;;;;;;;;;;;;;;;;;;;;;;;;;;;;;;;;;;;;;;;;;;;;;;;;;;;;;
Equisetum arvense;;;;;;;;;;;;;;;;;;;;;;;;;;;;;;;;;;;;;;;;;;;;;;;;;;1;;4;1;;;;;;;;;;;;;;;;;;;;;;;;;;;;;;;;;;;;;;;;;;;;;3;;;;4;4;;;3;;;;;;;;3;;2;;;;4;;1;;;;;;;;;;;1;;1;;;;;;;;;2;;;;;;1;;4;;;;;;;;;;;;;;;;;;;;2;;;;;;;;;;;;;;1;;;;;;3;;;;;;;;;;;;;;;;;;;;;;;;;;;;;;;;;;;;;;;;;;;;;;;;2;;;;;;;;3;;4;;;;;;;;;;2;;;;;;;;;;;;;;;;;;;;;1;;;;10;;1;;;
Euphorbia esula L.;;;;;;1;;;;;;;;;;;;1;;;;2;1;;;;;;;2;;;;3;;;;2;;;;;;;;;;;;;;;;;;3;;;;;;;;;;;;1;;;;;;;;;;;;;;;;;;;;;;;;;;;;;;;;;;;;;;;;;;;;;;;;;;;;;;;;;;;;;;;;;;;;;;;;;;;;;;;;;;;;;;;;;;;;;;;;;;;;;;;;;;;;;;;;;;;;;;;;;;;;;;;;;;;;;;;;;;;;;;;;;;;;;;;;;;;;;;;;;;;;;;;;;;;;;;;;;;;;;;;;;;;;;;;;;;;;;;;;;;;;;;;;;;;;;;;;;;;;;;
Euphorbia helioscopia L.;;;;1;;;;;;;;;;2;;;;1;;;;;;;;;;1;;;;;;;;;;;;;;;;;;;;;;;;;;;;;;;;;;;;1;;;;;;;;;;;;;;;;;;;;;;;;;;;;;;;;;;1;;;;;;;;;;;;;;;;1;;1;;;;;;;;;;;;;;;;;;;;;;;;;;;;;;;;;;;;;;1;;;;;;;;;;;;;;;;;;;;1;;;;;;1;;;;;;;;2;;6;;;;;;;;;;;;;;;;;;;;;;;;;;;;;;;;;;;;;;;;;;;;;;;;;;;;1;;;;;;;;;;;;;;;;1;;;;;;2;;;;;;;;;;;;;;;;;;2;;;;;;;;
Fumaria officinalis;;;;;;;;;;;;;;;;;;;;;;;;;;;;;;;;;;;;;;;;;;;;;;;;;;;;;;;;;;;;;;;;;;;;;;;;;;;;;;;;;;;;;;;;;;;;;;;;;;;;;;;;;;;;;;;;;;;;;;;;;;;;;1;;;;;;;;;;;;;;;;;;;;;;;;;;;;;1;;;;;;;;;;;;;;;;;;;;;;;;;;;;;;;;;;;;;;;;;;;;;;;;;;;;;;;;;;;;;;;;;;;;;;;;;;;;;;;;1;;;;;;;;;;;;;;;;;;;;;;;;;;;;;;;;;;;;1;;;;;;;;;;;;;;;;;;;;
Filipendula ulmaria;;;;;;;;;;;;;;;;;;;;;;;;;;;;;;;;;;;;;;;;;;;;;;;;;;;;;;;;;;;;;;;;;;;;;;;;;;;;;;;;;;;;;;;;;;;;;;;;;;;;;;;;;;;;;;;;;;;;;;;;;;;;;;;;;;;;;;;;;;;;;;;;;;;;;;;;;;;;;;;;;;;;;;;;;;;;;;;;;;;;;;;;;;;;1;;;;;;;;;;;;;;;;;;;;;;;;;;;;;;;;;;;;;;;;;;;;;;;;;;;;;;;;;;;;;;;;;;;;;;1;;;;;;;;;;;;;;;;;;;;;;;;;;;;;;;;
Filipendula vulgaris Moench;;;;;;;;;;;;;;;;;;;;;;;;;;;;;;;;;;;;;;;;;;;;;;;;;;;;;;;;;;;;;;;;;;;;;;;;;;;;;;;;;;;;;;;;;;;;;;;;;;;;;;;;;;;;;;;;;;;;;;;;;;;;;;;;;;;;;;;;;;;;;;;;;;;;;;;;;;;;;;;;;;;;;;;;;;;;;;;;2;;;;;;;;;;;;;;;;;;;;;;;;;;;;;;;;2;;;;;;;;;;;;;;;;;;;;;;;;;;;1;;;;;;;;;;;;;;;;;;;;;;;;;;;;;;;;;;;;;;;;;;;;;;;;;;;;;;;
Fragaria vesca;;;;;;;;;;;;;;;;;;;;;;;;;;;;;;;;;;;;;;;;;;;;;;;;;;;;;;;;;;;;;;;;;;;;;;;;;;;;;;;;;;;;;;;;;;;;;;;;;;;;;;;;;;;;;;;;;;;;;;;;;;;;;;;;;;;;;;;;;;;;;;;;;;;;;;;;;;;;;;;;;;;;;;;;;;;;;;;;;;;;;;;;;;;;;;;;;;;;;;;;;;;;;;2;;;;;;;;;;;;;;;;;;;;;;;;;;;;;;;;;;;;;;;;;;;;;;;;;;;;;;;;;;;;;;;;;;;;;;;;;;;;;;;;;;;;
Galeopsis tetrahit L.;;;;;;;;;;;;;;;;;;;;;;;;2;;;;;;;;;;2;;;;;;;;;;;;;;;;;;;;;;;;;;;;;;1;;;;;;;;;;;;;;;;;;;;;;;;;;;;;;;;;;;;;;;;;;;;1;;;;;;;;;;;;;;;;;;;;;;;;;;3;;;;;;;;;;;;;;;;;;;;;;;;;;;;;;;;;;;;;;;;;;;;2;;3;;;;1;;1;;;;;;;;;;;;;;;;;;;;;1;;;;;;;;;;;;;;;;;;;;;;;;;;;;;;;;;;;;;;;;;;;;;;;;;;;;;;;;;;;;;;;;;;;;;1;;1;;;;;;;;;;;;
Galium album Mill.;;;;3;10;;;1;1;;;1;10;;;;;;;1;;;;2;1;;;1;;3;;;;1;;;;2;;1;;;;;;5;;3;;3;;2;2;;;;;;;1;;1;;;;;;;;;;;;1;;;;2;;2;2;;;;;5;;1;;;;;;1;;;;;;;;;1;;;;;;;;;;;;;;;;;1;;;;1;;2;;;;;1;;1;;;;;;;;;;1;;;1;;;;;;;;;;;;;;;;;;;;;;1;;;5;;;2;;;;;1;;;;;;;;;1;1;;;1;;1;;1;;;;;;;;;;;;1;;;;;;;;;;;;2;;;;;;;;;;;;;;1;;;;;;;;;;;;;;;;;;;;;;1;;;;1;;;;;;;;1;1;;;1;;;;;;2;;;;;;;;3;;;;
Galium aparine;;;;;;;1;;;;;;;;;;;;;;;;;;;;;;;;;;;;;;;;;;;;;;;;;;;;;;;;;;;;;;;;;;;;;;;;;;;;;;;;;;;;;;;;;;;;;;;;;;;;;;;;;;;;;;;;;;;;;;;;;;;;;;;;;;;;;;;;;;;;;;;;;;;;;;;;;;;;;;;;;;;;;;;;;;;;;;;;;;;;;;;;;;;;;;;;;;;;;;;;;;;;;;;;;;;;;;;;;;;;;;;;;;;;;;;;;;;;;;;;;;;;;;;;;;;;;;;;;;;;;;;;;;;;;;;;;;;;;;;;;;;;;;;;;;;
Galium verum agg.;;;;;;;;;;;;;;;;;;;;;;;;;;;;;;1;;;;;;4;;;;;;4;;;;;;;;3;;;;;;;;;;3;;;;;;;;;1;;;;;;;;;;;;;;;;;;;;;;;;;;;;;;;;;;1;;;;;;;;;;;;;3;;;;;;;;;;;;;;;;;;;;;;;;;;;;;;3;;;1;;;;;;;;;;1;;;;;;;;;;;;;3;;;;;;;;;;;;;;;;;;4;;;;;;;;;;;;;;;;;;;;;;;;;;;;1;;;;;;1;;;;1;;;;1;;;;;;;;;;;;1;;;;;;;;;;;;;;;;;;;;1;;;;;;;;;;;;;;;;;;;;;;;;;;
Geranium dissectum;;;;;;;;;;;;;;;;;;;;;;;;2;;;;;;;;;;;;;;;;;;;;;;;;;;;;;;;;;;;;;;;;;;;;2;;;;;;;;;;;;;;;;;;;;;;;;;;;;;;;;;;;;;;1;;;;;;;;;;;;1;;;;;;;;;;;;;;1;;;;;;;;;;;;;;1;1;;1;;;;;;;;;;;1;;;;1;;;;;;;;;;;;;;;;3;2;;;;;;;;;;;;;;;;;;;;;;;;;;;;;;;;;;;;;;;;;;;;;;;;;;;;;;;;;;;;;;;;;;;;;;;;1;;;;;;;;;;;;;;;;;;;;;;;;;;;;;;;;;;;;;
Geranium molle;;;;;;;;;;;;;;;;;;;;;;;;;;;;;;;;;;;;;;;;;;;;;;;;;;;;;;;;;;;;;;;;;;;;;;;;;;;;;;;;;;;;;;;;;;;;;;;;;;;;;;;;;;;;;;;;;;;;;;;;;;;;;;;;;;;;;;;;;;;;;;;;;;;;;;;;;;;;;;;;;;;;;;;;;;;;;;;;;;;;;;;;;;;;;;;;;;;;;;;;;;;;;;;;;;;;;;;;;;;;;;;;;;;;;;;;;;;;;;;;;;;;;;;;;;;;1;;;;;;;;;;;;;;;;;;;;;;;;;;;;;;;;;;;;;;
Geranium pratense;;;;;;;;;;;;;;;;;;;;;;;;;;;;;;;;;;;;;;;;;;;;;;;;;;;1;;;;;;;;;;;;;;;;;;;;;;;;;;;;;;;;;;;3;;;;;;;;;;;;;;;;;;;;;;;;;;;;;;;;;;;;;;;;;;;;;;;;;;;;;;;;;;;;;;;;;;;;;;1;;;;;;;;;;;;;;;;;;;;;;;;4;;;;;;;;;;;;;;;;;;;;;;;;;;;;;;;;;;;;;;;;;;;;;;;;;;;;;;;;;;;;;;;;;;;;;;;;;;;;;;;;;;;;;;;;;;;;;;;;;;;;;;;;;;;;;;
Geranium pyrenaicum Burm.f.;;;;;;;;1;;;;;;;;;;;;;1;;;;;;;;;;;;;;;;;;;;;;;;;;;;;;;;;;;;;;;;;;;2;;;;;;1;;;;;;;;;;1;;;;;;1;;;;;;;;;;1;;;;;;;;;;1;;;;2;;1;1;;;1;;;;;;;;;;;1;;;;;2;;;;;;;;;;1;1;;;;;;;;;;;2;;1;;;;;;;;;;;;;;;;;;;;;;;;;;;;;;;;;;;;;;;;;;;;;;;;;;;;;;;;2;;;;;;;;;;;;;;;;;;;;;;;;;;;;;;;;;;;;;;;;;;1;;;;1;;;;;;;;;;;;;;;;;;;;;;;;;;;;;;;;
Glechoma hederacea L.;1;;;;1;;1;;;;;;;;;;;;;;;;;;;;;;1;;1;;1;;1;;;;1;;;;1;;;;;;;;1;;1;;;;;;;;5;;;;1;;;;2;;;;;1;2;;;;;;;;;;;;2;;;;;;;;;;;;5;;;;;;;1;;;;2;;;;;;;;;;;;;1;;;;;;;;;;;;;;;;;;;;;;1;;;;;;;;;;;;;;;;;;;;;;1;;;;;;;;;;;;;;;;;;;;;;;;1;;;;;2;;;;;;;;;3;;;;;;;;;;;;;;;;;;;;;;;;1;;;;;;;;;;;;;;;;1;;;;;;;;2;;1;;;;;;;;;;;;2;;;;;1;;;;;;;;;1;;;;;;;;;
Helianthus tuberosus;;;;;;;;;;;;;;;;;;;;;;;;;;;;;;;;;;;;;;;;;;;;;;;;;;;;;;;;;;;;;;;;;;;;;;;;;;;;;;;;;;;;;;;;;;;;;;;;;;;;;;;;;;;;;;;;;;;;;;;;;;;;;;;;;;;;;;;;;;;;;;;;;;;;;;;;;;;;;;;;;;;;;;;;;;;;;;;;;;;;;;;;;;;;;;;;;;;;;;;;;;;;;;;;;;;;;;;;;;;;;;;;;;;;;;;;;;;;;;;;;;;;;;;;;;;;;;;;3;;;;;;;;;;;;;;;;;;;;;;;;;;;;;;;;;;
Hypericum perforatum;;;;;;;;;;;;;;;;;;;;;;;;;;;;;;;;;;;;;;;;;;;;;;;;;;;;;;;;;;;;;;;;;;;;;;;;;;;;;;;;;;;;;;;;;;;;;;;;;;;;;;;;;;;;;;;;;;;;;;;;;;;;;;;;;;;;;;;;;;;;;;;;;;;;;;;;;;;;;;;;;;;;;;;;;;1;;;;;;;;;;;;;;;;;;;;;;;;;;;;;;;;;;;;;;;;;;;;;;;;;;;;;;;;;;;;;;;;;;;;;;;;;;;;;;;;;;;;;;;;;;;;;;;;;;;;;;;;;;;;;;;;;;;;;;;;
Hypochaeris radicata L.;;;;;;1;;;;;;;;;35;;60;;;;;;;;;;;;;;;;10;;;;20;;;;;;10;;;;;;;;;;;;30;;;;;;2;;;;20;;;;60;;;;;;;;;;;;;;;;40;;5;;;;5;;;;;;;;;;2;;;;;;;;5;;;;;;;;25;;;;;;;;;1;;;;;;;;;;;;;;;;;60;;;;;;;;;;;;;;;;;;;;;;;;;;;;2;;5;;;;30;;15;;;;;;;;;;;;;;3;;;;;;;;;;;;;;;;;;;;1;;;;;;;;;;1;;;;;;15;;;;;;20;;;;;;;;15;;;;;;;;;;;;;;;;;;;;;;20;;;;4;;;;;;;;;;5;;;;30;;;;20;;;
Knautia arvensis (L.) Coult. s. str.;;;;;;;25;;;;1;;;;1;;;;;;;;;;15;;;;10;;;;;;;;1;;;;2;;;;;;3;;;;;;;;;;;;5;;;;5;;;;;;;;;;;;1;;1;;1;;;;;;;;;;;;;;;;2;;;;;;;;;;1;;;;;;;;;;1;;;;;1;1;;;;;;;;1;;;;;;;;1;;5;;;;;;;;3;;;;6;;8;;;;;;;;;;;;;;;;;;;;;;;;5;;;;;;1;;;;;;;;5;;;1;;;;;;;;;;;;;;;;;2;;1;;3;;;;;1;;;;;;;;;;;;;1;;;;;;;;;;;;;;;;;;;;1;;;;;2;;;;;1;;;;;;;;3;;;;;;1;;;;;;;;;1;1;;;1
Lactuca serriola;;;;1;;;;;;;;;;;;;;;;1;;;;2;;;;;;;;;;1;;1;;;;;;;;;;;;;;;;;;;;1;;;;;;;;1;;;;1;;;;;;;;;;1;;;;;;;;;;;;1;;;;;;;;;;;;;;;;;;;;;;;;;;;;;;;;;;;;;;;;;;;;;;;;;;;;;;;;;;;;;;;;;;;;;;;;;;;;;;;;;;;;;;;;;;;;;;;;;;;;;;;;;;;;;;;;;;;;;;;;;;;;;;;;;;;;;;;;;;;;;;;;;;;;;;;;;;;;;;;;;;;;;;;;;;;;;;;;;;;;;;;;;;;;;;;;;;;;;;;;
Lathyrus pratensis L.;;;;;;;;;;;;;;;;;;;;;;;2;;;;;;;;;1;;1;;;;;;;;;;3;;;;;;;;3;;;;;;;;;;2;;;;;;;;;;;;;;;;;;1;;;;;;;;;;;;;;;;;;;;;;;;;;;1;;;;;1;;;;3;1;;1;;;;;;;;;;;;;;;;;;;;;;;;;;;;;;;1;;;;;;;;;;;;;;;;;;;;;;1;;;;;;1;;;;;;;;;;;;;;;;;;;;;;;;;;;;;;;;;;;;;;;;;;;;;;;;;;;;;;;;;;;;;;;;;;;;;;2;;;;;;;;;;;;;;;;;;;;;;;;;;;;1;;;;;;;;;;;;;;
Leontodon hispidus L.;;;;;;;;;;;;;;;;3;;3;;;;;;;;;;;;;;1;;;;;;;;;;;;;2;;;;;;;;;;;;;;;;;;;;;1;;;3;;;;;;;;;;;;;;;;;;;;;;;;;;;;;;;;;1;;;;;;;;;;;;;;;;;;;;;;;;;;;;;;;;;;;;;;;;;;;;;;;;;;;;;;;;;;;;;;;;;;;;2;;;;;;;20;;;;;;;;;;;;2;;;;;1;;;;;;;;;;;;;3;;;;;;;;;;;;;;;;;;;;;;;;;;;;1;;;;;;;;;;;;;;;;;;;;;2;;;;;;;;;;;;;;;;;;;;;;;;;;;;;;;;;;
Leucanthemum vulgare agg.;;;;;35;;;;;;;;;;;1;;;;;15;;1;;;3;;1;10;;;;;;;;;;2;;;;1;;;1;;2;;;;1;;;;;;;10;;6;;;;;;;;;;;;2;;;;2;;;;;2;;;1;;;;;2;2;;;;;;;;;;;;;;15;;8;;;;;;;;5;;2;;;1;;;;;;;;;;;;;;;;;;;;;;;;;;;;;;;;;;;;;;;5;;;;;;;;;;;;;;;1;;;;;2;;;;;;;;;;;;3;;;;;;;;;;1;;3;;;;;;;;;;;2;;1;1;;1;;;;;1;;;;;3;;;;;;;;;;;;;1;5;;;;;;;;;;;;;;;;;;;;5;;5;;;;10;;;;;4;;3;;;;;;;;;;1;3;;1;
Lepidium ruderale;;;;;;;;;;;;;;;;;;;;;;;;;;;;;;;;;;;;;;;;;;;;;;;;;;;;;;;;;;;;;;;;;;;;;;;;;;;;;;;;;;;;;;;;;;;;;;;;;;;;;;;;;;;;;;;;;;;;;;;;;;;;;;;;;;;;;;;;;;;;;;;;;;;;;;;;;;;;1;;;;1;;;;;;;;;;;;;;;;;;;;;;;;;;;;;;;;;;;;;;;;;;;;;;;;;;;;;;;;;;;;;;;;;;;;;;;;;;;;;;;;;;;;;;;;;;;;;;;;;;;;;;;;;;;;;;;;;;;;;;;;;;;;;;;;;;
Linum spec.;;;;;;;;;;;;;;;;;;;;;;;;;;;;;;;;;;;;;;;;1;;;;;;;;;;;;;;;;;;;;;;;;;;;;;;;;;;;;;;;;;;;;;;;;;;;;;;;;;;;;;;;;;;;;;;;;;;;;;;;;;;;;;;;;;;;;;;;;;;;;;;;;;;;;;;;;;;;;;;;;;;;;;;;;;;;;;;;;;;;;;;;;;;;;;;;;;;;;;;;;;;;;;;;;;;;;;;;;;;;;;;;;;;;;;;;;;;;;;;;;;;;;;;;;;;;;;;;;;;;;;;;;;;;;;;;;;;;;;;;;;;;;;;;;;;
Lotus corniculatus L.;;;;;;;;2;;;;;2;;;;;;;;1;;3;;2;;2;;;;1;;3;;;;;;;;4;;2;;;;3;;2;;;;1;;1;;5;;;3;2;;;;;;;;;;25;;;1;3;;;;1;;1;;;;;;1;;;;;;;;;;2;;;1;;;;;;;3;;;;3;;;;1;;;;;;;;;;;2;;;;5;2;;;;;;;;20;;5;;;;5;;2;;;;;;5;;;;;3;;;;;;1;;;2;;1;;;;;;1;;;;;;2;;;;3;;2;;;;2;;;;;2;;3;;;;;;;2;;1;;2;;1;;;;;;1;;;;;;;;;1;2;;1;;;;2;;;;1;;;;1;;;;;;;;1;;1;;1;;1;;;;;;;1;;;2;;;;1;;;;;;;3;;;1;;;;;;1;;;;2;
Lysimachia nummularia L.;;;;;;;;;;;;;;;;;;;;;;;;;;;;;;1;;;;;;;;;;;;;;;;;;;1;;;1;;;;;;;;;;;;;;;;;;;;;;;1;;;;;;;;;;;;;;;;;;;;;;;;;;;;;;;;;;;;;;;;;;;;;;;;;2;;;;;;;;;;2;;2;;;;;;;;;;;;;;;;;;;;;;;;;;;;;;;;;;;;;;1;;1;;;;;;;;;;;;;;;;;;;;1;;;;;;;;;;1;;;;1;;;;1;;;;;;;;;;;;;;;;;;;;;;;;;;;;;;;;;;;;;;1;;;;;;;;;;;;;;;;;;;;;;;;;;;;;;;;2;;;;;;
Lysimachia vulgaris L.;;1;;;;;;;;;;;;;;;;;;;;;;;;;;1;;;;;;;;;;;;;;;;;;;;;;;;1;;;;;;;;;;;;;;1;;;;;;;;;;;;;;;;;;;;;;;;;;;;;;;;;;;;1;;;;;;;;;;;;;;;;;;;;;;;;;;;;;;;;;;;;;;;;;;;;;;;;;;;;;;;;;;;;;;;;;;;;;;;;;;;;;;;;;;;;;;;;;;;;;;;;;;;;;;;;;;;;;;;;;;;;;;;;;;;;;;;;;;;;;;;;;;;;;;;;;;;;;;;;;;;;;;;;;;;;;;;;;;;;;;;;;;1;;;;;;;;;;
Medicago falcata L. s. str.;;;;;;;;;;;;;;;;;2;;;;;;;;;;;;;;;;;;;;;;;;;;;;;;;;;;;;;;;;;1;;;;;5;;;;;;;1;;;;;;;;;;1;;;;;;;;1;;;;;;;;;;;2;;;;1;;;;;;;;;;;;;;;;;;;;;;;;;;;1;;;;;;;;;;;;;;;;;;;;;;;;;;;;;;;;;;;;;;;;;;;;;;;;;;;;;;;;;;;;;;;;;;;;;;;;;;;;;;;;;;;;;;1;;;;;;;;;;;;;;;;;;;;;;;;;;;;;;;;;;1;;1;;;;;;;;;;2;;;;;;;;;;;;;;;;;1;;;;3;;;;;;;
Medicago lupulina L.;;;3;;;;;1;;1;;2;;;3;;1;;2;;;;;;;;;;3;;2;;;;;;;;;;1;;;;;;;;;;1;;2;;5;;;;;1;;;3;;3;;2;;5;;3;;;;10;;;3;;;1;;;2;3;;;;2;;;;;;;;;;;;1;;;;1;;5;;1;;;2;;;1;;;;2;;;;1;;;1;;1;;;2;;3;;;;2;;;;;;;;;;5;;;;;;;1;;;;;1;;;1;;;;1;;;1;;5;;;;;3;1;;;;;;;;;;1;;;;;2;1;;;3;;;;;;;2;;;2;;1;;1;1;;;;;;;;;;;;;;;;;;;2;1;;1;;1;;;1;;2;;;1;;;2;;;;1;;1;1;;;;;;;;;;;3;2;;;2;;1;;;;;;;2;;;;1;;;;;;2;;;
Medicago sativa L.;;1;;;3;;;;;;;;1;;10;;;;5;;4;;;;;;;;8;;;;6;;;;;;;;;;3;;;;8;;8;;;;;;8;;10;;3;;;1;;;;;10;;20;;5;;;;1;;;;;;;;;;8;;1;;3;;10;;3;;;;1;;1;;;;;;1;;;;2;;1;;;;3;;;;;;;;2;;1;;;;;;;;;;2;;5;;1;;3;;10;;;;1;;;;1;;;;;;2;;;;2;;1;;3;;3;;;2;1;;;;2;;10;;2;;;;;;;2;;;;;;;2;;;;;;;2;;;;1;;;;;;;;;;;;;;;;;;;;;;;1;;;;;;;;;;1;;1;;;;;1;5;;1;;;;;;1;;1;;;;;;;;1;;;;;;;;;;;;;;;1;;;;;;;5;;;;;
Melilotus albus;;;;;;;;;;;;;;;;;;;;;;;;;;;;;;;;;;;;;;;;;;;;;;;;;;;;;;;;;;;;;;;;;;;;;;;;;;;;;;;;;;;;;;;;;;;;;;;;;;;;;;;;;;;;;;;;;;;;;;;;;;;;;;;;;;;;;;;;1;;;;;;;;;;;;;;;;;;;;;;;;;;;;;;;;;;;;;;;;;;;;;;;;;;;;;;;;;;;;;;;;;;;;;;;;;;;;;;;;;;;;;;;;;;;;;;;;;;;;;;;;;;;;;;;;;;;;;;;;;;;;;;;;;;;;;;;;;;;;;;;;;;;;;;;;;;
Myosotis arvensis;;;;;;;1;;1;;;;;;;1;;3;;3;1;;;1;1;;5;;;;;;1;;;;;;;;;;;;;;;;;1;;;;;;1;;;;;;;;;;;;;;;;;;;;1;;1;;;;1;;;;;;;;;;;;;;;;;;;;;;;;;;;;;;;;;;;;;;;;;;;;;;;;;;;;;;;;;;;;;;;;;;;;;;;;;;;;;;;;;;;;;;;;;;;;;;;;;;;;;;;;;;;;;;;;;;;;;;;;;;;;;;;;;;;;;;;;;;;;;;;;;;;;;;;;;;;;;;;;;;;;;;;;;;;;;;1;;;;;;;;;;;;;;;;;;;;;;;;;;;;;;;;;;
Oenothera biennis;;;;;;;;;;;;;;;;;;;;2;;;;;;;;;;;;;;;;;;;;;;;;1;;;;;;;;;;;;;;;;;;;;;;;;;;;;;;;;;;;;;;;;;;;;;;;;;;;;;;;;;;;;;;;;;;;;;;;;;;;;;;;;;;;;;;;;;;;;;;;;;;;;;;;;;;;;;;;;;;;;;;;;;;1;;;;;;;;;;;;;;;;;;;;;;;;;;;;;;;;;;;;;;;;;;;;;;;;1;;;;;;;;;;;;;;;;;;;;;;;;;;;;;;;;;;;;;;;;;;;;;;;;;;;;;;;;;;;;;;;;;;;;;;;;;;;;
Onobrychis viciifolia Scop.;10;;;;;;;;;;;;;;8;;;;;;;;;;;;;1;;;;;15;;;;;;;;;;;;4;;;;;;;;;;;;;;3;;;;;;3;;;;;;;;;;;;;;5;;;;;;;;;;;;3;;;;;;;;;;;;3;;30;;;;;;;;;;;;;;5;;;;;;;;3;;;;;;;;;;;;5;;;;;;;;;;;;;;;;;;2;;;;;;;;5;;10;;;;;;;;;;;;;;;;2;;;;;;15;;;;;;;;;1;;;;;;;;;5;;;;;;;;;;1;;;;;;5;;;;;;;;15;;;;;;;;;;;;3;;;;20;;;;;;;;;;;;;;;;;;;;;;;;;;;1;;;;;;;6;;5;;;;;;;
Origanum vulgare;;;;;;;;;;;;1;;;;;;;;;;4;;;;;;;;;;;;;;;;;;2;;;;;;;;;;;;;;;1;;;;;;;;;;1;;;;;;;;;;;;;5;;;;;;;;;;;;;;;;2;;;;;;;;;;;;;;;;;;;;;;;;;;;;;;1;;;;;;;;;1;;;;;;;2;;;;;;;;;;;;;;5;;2;;;;1;;;;;;;;3;;;;;;;;;;;;;;;;;;2;;;;4;;;1;;;;;;;;;;;;;;;;;;;;;;;;;;;;;;;;;;;;1;;1;;;;;;;;;;;;;;;;;;;;;;;;;2;;;;;;2;;;;3;;;;;;;;;;;;;;;;;;1;;;;;;
Papaver rhoeas;;;;;;;;;;;;;;;;;;;;;;;;;;;;;;;;1;;1;;;;;;;;;;;;;;;1;;;;;;;;;;;;;;;;;;;1;;;;;;1;;;;;;;;;;;;;;;;;;;;;;;;;6;;;;;;;;;;;;;;;;;;;;;;;;;;;;;;;;;;;1;;;;;;;;;;;;;;;;;;;1;;;;;;;;;;;;;;;;;;;;;;;;;;;;;;;;;;;;;;;;;;;;;;;;;;;;;;;;;;;;;;;;;;;;;;;;;;;;;;;;;;;;;;;;;;;;;;;;;;;;;;;;;;;;;;;;;;;;;;;;;;;;;;;;;;;;;;;;;
Pastinaca sativa;;;;;;;;;;;;;;1;;;;;;;;;;;;;;;;;;;;;;;1;;;;;;;;;;;;;;;1;;2;;;;;;;;;;;;;;;;;;;;;;;;;;;;;;;;;;;;;;;;;;;;;;;;;;;;;;;;;;;;;;;;;;;;;1;;;;;;;;;1;;;;;1;;;;;;;;;;;;;;;;;;;;;;;;;3;;;;;;;;;1;;;;;;;;;3;;;;;;;;;;;;;;;;;;;;;;;;;;;;;;;;;;;;;;;;;;;;;;;;;;;;;;;;;;;;;;;;;;;;;;;;;;;;;;;;4;;;;;;;;;;;;;;;;;;;;;;;;;;;;;;
Plantago media;;1;;;;;;;;;;;;;;;;;;;;;;;;;;;;;;;;;;;;;;;;;;;;;;;;;;;;;;;;;;;;;;;;;;;;;;;;;;;;;;;;;;;;;;;;;;;;;;;;;;;;;;;;;;;;;;;;;;2;;;;;;;;;;;;;;;;;;;;;;;;;;;;;;;;;;;;;;;;;;;;;;;;;;;;;;;;;;;;;;;;;;;;;;;;;;;;;;;;;;;;;;;;;;;;1;;;;;;;;;;;;;;;;;1;;;;;;;;;;;;;;;;;;;;;;;;;;;;;;;;;;;;;;;;;;;;;1;;;;1;;;;;;;;;;;;;;;;
Pimpinella saxifraga;;;;;;;;;;;;;;;;;;;;;;;;;;;;;;;;;;;;;;;;;;;;;;;;;;;;;;;;;;;;;;;;;;;;;;;;;;;;;;;;;;;;;;;;;;;;;;;;;;;;;;;;;;;;;;;;;;;;;;;;;;;;;;;;;;;;;;;;;;;;;;;;;;;;;;;;;;;;;;;;;;;;;;;;;;;;;;;;;;;;;;;;;;;;2;;;;;;;;;;;;;;;;;;;;;;;;;;;;;;;;;;;;;;;;;;;;;;;;;;;;;;;;;;;;;;;;;;;;;;;;;;;;;;;;;;;;;;;;;;;;;;;;;;;;;;
Plantago lanceolata L.;;;;2;;;;1;;;;;;;;1;;;;;;;;;;;;;;;;;;;;;;;;;;;;;;;;;;1;;;;;;;;;;;;;;1;;;;;;;;;;;;;;;;;;;;;;1;;;;;;;;;;;;;;;;;;1;;;;;;;;;1;;;;;2;;;;2;;;;;;;;;;;;2;;;;;;;;;1;;1;;;3;;;;1;3;;1;;;1;;;;;;;;;;1;;;;2;;;;;;;5;;;;;1;;1;;;;;;;;;1;;;;;;1;;;1;;1;;;;1;;1;1;;1;;;1;1;;;;;1;;1;;;3;;1;;;1;;1;;1;;;;;;;;2;;;1;;;;;1;;;;1;;;;;;1;;1;;1;;3;;1;;1;;;;;;;;;;;;;;;;
Plantago major;;;;;;;;;;;;;;;;1;;;;;;;;;;;;;;;;;;;;;;;;;;;;;;;;;;;;;;;;;;;;;;;;;;;;;;;;;;;;;;;;;;;;;;;;;;;;;;;;;;;;;;;;;;;;;;;;;;;;;;;;;;;;;;;;;;;;;;;;;;;;;;;;;;;;;;;;;;;;;;;;;;;;;;;;;;;;;;;;;;;;;;;;;;;;;;;;;;;;;;;;;;;;;;;;;;;;;;;;;;;;;;;;;;;;;;;;;;;;;;;;;;;;;;;;;;;;;;;;;;;;;;;;;;;;;;;;;;;;;;;;;;;;;;;;;;
Plantago media;;;;;;;;;;;;;;;;;;;;;;;;;;;;;;;;;;;;;;;;;;;;;;;;;;;;;;;;;;;;1;;;;;;;;;;;;;;;;2;;;;;;;;;;;;;;;;;;;;;;;;;;;;;;;;;;;;;;;;;;;;;;;;;;;;;;;;;;;;;;;;;;;;;;;;;;;;;;;;;;;;;;;;1;;;;;;;;;;;;;;1;;;;;;;;;;;;;;;;;;;;;;;;;;;;;;;;;;;;;;;;;;;;;;;;;;;;;;;;;;;;;;;;;;;;;;;;;;;;;;;;;;;;;;;;;;;;;;;;;;;;;;;;;;;;;;;;2
Polygonum aviculare agg.;;;;;;;;;;;;;;;;;;;;;;;;;;;;;;;;;;;;;;;;;;;;;;;;;;;;;;;;;;;;;;;;;;;;1;;;;;;;;;;;;;;;;;;;;;;;;;;;;;;;;;;;;;;;;;;;;;;;;;;;;;;;;;;;;1;;;;;;;;;;2;;;;;;;;;;;;;;;;1;;1;;;;;;;;;;;;;;;;;;;;;;;;;;1;;;;1;;;;2;;;;;;;;;;;;;;;;;;;;;;;;;;;;;;;;;;;;;;;;;;;;;;;;;;;;;;;;;;;;;;;;;;;;;;;;;;;;;;;;;1;;2;;;;;;;1;;;;;;;;;;
Polygonum amphibium (L.) Delarbre;;2;;;;;;;;;;;;;;;;;;;;;;;;;;;;1;;;;;;;;;;;;;;;;;;;;2;;;;1;;;;;;;;;;;;;;;;;;;;;;1;;;;;;;;;;;;;;;;;;;;;;;;;;;;;;;;;;;;;;;;;;;;;;;;;;;;;;;;;;;;;;;;;;;;;;;;;;;;;;;;;;;;;;;;;;;;;;;;;;;;2;;;;;;;;1;;;;;;;;;;;;;;;;;;;;;;;;;;;;;;;;;;;;;;;;1;;;;;;;;;;;;;;;;;;;;;;;;;;;;;;;;;;;;;;;;;;;;;;;;;;;;;;;;;;;;;;;;;;
Polygonum convolvulus;;;;;;;;;;;;;;;;;;;;;;;;;;;;;;;;;;;;;;;;;;;;;;;;;;;;;;;;;;;;;;;;;;;;;;;;;;;;;;;;;;;;;;;;;;;;;;;;;;;3;;;;;;;;;;;;;;;;;;;;;;;;;;;;;;;;;;;;;;;;;;;;;;;;;;;;;;;;;;;;;;;;;;;;;;;;;;;;;;;;;;;;;;;;;;;;;;;;;1;;;;;;;;;;;;;;;;;;;;;;;;;;;;;;;;;;;;;;;;;;;;;;;;1;;;;;;;;;;;;;;;;;;;;;;;;;;;;;;;;;;;;;;;;;;;;;;
Potentilla anserina L.;;;;;;1;;;1;;1;;1;;;;;1;;;;;;1;1;;;2;;2;1;;;1;;;1;;1;;1;;;;;1;;1;1;;;;;;;;3;;;;3;;1;;1;;1;;1;;1;;;;;;;;;;1;;;;;1;;2;;;;;;;;1;1;;;1;1;;;;;1;2;;1;;1;;;1;;;1;;1;;;;1;;;1;;;1;;3;;1;;2;;;;;;;;1;;2;;;2;;;;;5;;10;;3;;1;;;;;;;1;;2;;;;;5;;;;3;;10;;10;;;;;;;;;;;;;;;;;;;;1;;;2;2;;;;;;;;;;1;;;1;;;;;;;;;3;;;;2;;;1;1;;;2;;;;;;;;;;;;;1;;5;;;1;10;;;;;;1;;;1;;;;;;;;1;8;;1;;5;;2;;;;;;;;;
Potentilla erecta;;;;;;;;;;;;;;;;;;;;;;;;;;;;;;;;;;;;;;;;;;;;;;;;;;1;;;;;;;;;;;;;;1;;;;;;;;;;;;;;;;;;;;;;;;;;;;;;;;;;;;;;;;;;;;;;;;;;;;;;;;;;;;;;;;;;;;;;2;;;;;;;;;;;;;;;;;;;;;;;;;;;;;;;;;;;;;;;;;;;;;;;;;;;;;;;;;;;;;;;;;;;;;;;;;;;;;;;;;;;;;;;;;;;1;;;;;;;;;;;;;;;;;;;;;;;;;;;;;;;1;;;;;;;;;;;;;;;;;;;;;;;;;;;;;;;;;;2
Potentilla reptans L.;1;;;;;;;;;;;;;;;;;;;;;;;;1;;1;;;1;;2;;;;;;;;;;;;;;1;;;1;;;;;1;;1;;;;2;;;2;;;;;;;;;;1;;;3;;;1;;;;;;;;;;;;;;;;;;;;;;;;;;;;;;1;;1;;;;1;;;2;1;;;;;;1;;;1;;;;1;;1;;;;;;;;;;;;2;;;;;;;;;;;1;;;;;;;1;;;;;1;;3;;;;1;;1;;;;;1;;;3;;;;;1;;2;;;;;;1;;;;;;;;;;;;;;;;;;;;;;1;;;;;;1;;;;;;1;;;;1;;;;;;;;;;;;;;;;1;;;;1;;;3;;;;;;;;;;;;;;;;;;1;;;;;;;;;;;;;
Prunella grandiflora;;;;;;;;;;1;;;;;;;;;;;;;;;;;;;;;;;;;;;;;;;;;;;;;;;;;;;;;;4;;;;;;;;;;;;;;;;;;;;;;;;3;;;;;;;;;;;;;;;;;;;;;;;;;;;;;;;;;;;;;;;;;;;;;;;;;;;;;;;;;;;;;;;;;;;;;;;;;;;;;;;;;;;;;;;;;;;;;;;;;;;;;;;;;;;;;;;;;;;;;;;;;;;;;;;;;;;;;;;;;;;;;;;;;;;;;;;;;;;;;;;;;;;;;;;;;;;;;;;;;;;;;;;;;;;;;;;;;;;;;;;;;;;;;;;;;;
Prunus avium;;;;;;;;;;;;;;;;;;;;;;;;;;;;;;;;;;;;;;;;;;;;;;;;;;;;;;;;;;;;;;;;;;;;;;;;;;;;;;;;;;;;;;;;;;;;;;;;1;;;;;;;;;;;;;;;;;;;;;;1;;;;;;;;;;;;;;;;;;;;;;;;;;;;;;;;;;;;;;;;;;;;;;;;;;;;;;;;;;1;;;;;;1;;;;;;;;1;;1;;;;;;;;;;;;;;;;;;;;;;;;;;;;;;;;;;;;1;;;;;;;;;;;;;;;;;;;;;;;;;;;;;;;;;;;;;;1;;;;1;;;;;;;;1;;;;;;;;;;;;
Prunella vulgaris;;;;;;;;;;;;;;;;1;;;;;;;;;;;1;;;;1;;;4;;;;1;1;;;;;;;3;;2;1;;;1;;;1;;;2;;1;;2;;2;;;;;;;;;;;;;;1;;;;3;;;;;;1;;4;;;;4;2;;;;;;;;;;;;;;;1;;;;;;;;;;;1;;;;;;;;;;;;;;;;1;;;;;;;;;;;;;;;;;;;;;;;;;;;;;;;;;;;;;1;;;;;;;;1;;;;;;;;;;;;;;;;;;;;;;;;;;;;;;;;;;;;;;2;;;;;;;1;;;;;;;1;;;;;;;;;;;;;;;;;;;;2;1;;;1;;;;;;3;;;;2;;;2;;1;;;3;;;;4;;3;;2;;1;;;;
Ranunculus acris;;;;;;;;;;;;;;;;2;;;;;;;;;;;;;;;;;;;;;;;;;;;;;;;;;;;;;;;;;;;;;;;;;;;;;;;;;;;;;;;;;;;;;;;;;;;;;;;;;;;;;;;;;;;;;;;;;;;;;;;;;;;;;;;;;;;;;;;;;;;;;;;;;;;;;;;;;;;;;;;;;;;;;;;;;;;;;;;;;;;;;;;;;;;;;;;;;;;;;;;;;;;;;;;;;;;;;;;;;;;;;;;;;;;;;;;;;;;;;;;;;;;;;;;;;;;;;;;;;;;;;;;;;;;;;;;;;;;;;;;;;;;;;;;;;;
Ranunculus bulbosus;;;;;;;;;;;;;;2;;;;;;;;;;1;;;;;;;;;;;;;;;;;;1;;1;;;;;;;;;;2;;;;;;;;;;;;;;;;;;;;;;2;;2;;;;;;;;1;;;;;;;;1;;;;;;;;;;1;;;;6;;;;;;;;;;1;;;;;;3;;;;;;;;;;3;;1;;;;;;;;;;;;;;;;;;;;;;;;2;;;;;;;;1;;;;1;;;;;;;;;;;;;;;;;;;;;;;;1;;;;1;;;;;;;;;;;;;;;;;;;;;;;;;;;;;;;;1;;1;;;;;;;;1;;;;;;1;;;;;;;;;;;;2;;;;;;;;;;;;;;;;;;;;1;;;;;;;;;;
Ranunculus repens L.;;;;;;;;;;;;;;2;;;;1;;;;;;;;2;;;;1;;;;;;;;;;;;;;;;;;;;1;;2;1;;1;;1;;;3;;;;2;;;;;;;;;;2;;;;;;1;;;;;;;;2;;;;;;;;2;;;;;;;;;;;;;;1;;;;;;;;;;;;1;;;;3;;;;;;2;;1;;3;;;;;;;;;;;;;;;;;;1;;4;;3;;2;;;;;;;;2;;;;;;2;;;;;;3;;1;;;;1;;;;;;;;2;;;;;;1;;;;;;;;;;;;;;;;;;2;;2;;;;;;1;1;;2;;1;;;;;;;;;;;;;;;;;;;2;;3;1;;;3;1;;;;;1;;;;;;2;1;;5;;;1;;1;2;;;1;1;;;;;;;;;
Reseda lutea L.;;;;;;;;;;;;;;;;;;1;;;;;;;;;;;;;;;;;;;;;;;;;;;;;;;;;;;;;;;;1;;;;;;;;;;;;;;;;;;;;;;;;;;;;;;;;;;;;;;3;;;;;;;;;;;;;;1;;;;;;;;;;;;;;;;;;;;;;;;;;;;;;;;;;;;;;;;;;;;;;;;;;;;;;;;;;;;;;;;;;;;;;;;;;;;;;;;;;;;;1;;;;;;;;;;;;;;;;;;;;;;;;;;;;;;;;;;;;;;;1;;;;;;;;;;;;;;;;;;;;1;;;;;;;;;;;;;;;;;;;;;;;;;;;;;;;;;;;;
Rhinanthus alectorolophus;3;;2;;2;;3;;8;;;;3;;15;;;1;;;2;;;;1;;;1;25;;15;;;;;;;1;35;;5;;;1;;;10;;;;2;;1;;;;5;;10;;10;;1;;1;;;;15;;45;;;;2;;20;;5;;25;;;1;3;;15;;10;;;1;1;;;;;;;2;;;;2;5;;;;1;;2;;15;;;;25;;2;;;1;4;;;;;;;1;;1;;;;1;15;;10;;;1;;2;;1;8;;;1;8;;;;1;;1;;;;4;;;1;1;;;;8;;10;;1;;;;10;;;2;;1;2;;;;20;;10;;;1;10;;;2;2;;15;;;1;20;;;;;1;5;;;2;1;;;;;;;1;2;;5;;15;;1;;15;;25;;10;;1;;;1;3;;6;;15;;;;2;;;;15;;15;;1;;;;4;;;;5;;;1;;2;;1;3;;;1;30;;30;;5;;4;;;1;20;;;;;2
Rhinanthus glacialis;;;;;;;;;1;;;;;;;;;;;;;1;;;;;;;;1;1;;;;;;;;5;;2;;;;;;3;;;;1;;;;;;;;;3;;;;;;;;;;;5;;;;;;;1;;;5;;;;;;;4;;;;;;1;;;;;;;;;;;;;;;;;;;10;;;;2;;;2;;;;;;;;;;;;;;;;;1;;1;;;;;;;;2;;;;;;;;;;;;;;;2;;;;1;;;;;;;;;;;;;;;;;;;;;;3;;1;;;;;;;1;;2;;;;;2;;;;;;3;;;;2;;;;;;;;;;2;1;;;;;1;;3;;1;;1;;;;1;;;;2;;;;;;;;2;1;;;;;;;;;;;1;;;;;;;;1;;;;1;;3;;1;;;;;;;;;;
Rhinanthus minor;;;;;;;;;;;;;;;;;;;;;;2;;;;;;;;;;;;;;;;;;;;1;;;;;1;;;;;;;;;;;;;;;;;;;;;;;;;;;;;;;;;;;;;;;;;1;;;;;;1;;;;;;;;;;1;;;;;;;;;;;;;;;;;;;;;;;;;;;;;;;;;;;;;;;;;;;;;;;;;;;;;;;;;;;;;;;;;;;;;;;;;;;;;;;;;;;;;;;;;;;;;;;;;;;;1;;;;;;;;;;3;;;;;;;;;;;;;;;;;;;;;;;;;;2;;;;;;;;;;;;;;;;;;;;;;;;;;;;;;;;;;;;1;;;;;;;;;;;;;;
Rorippa sylvestris (L.) Besser;;;1;;;;;1;;1;;1;1;;2;;1;;1;;1;;1;;1;;5;;1;;;;1;;2;;2;;1;;1;;1;;1;;1;;;;;;;;;;;;;;;;;;;;;;;;;;;;;;2;;1;;3;;1;;3;;1;;1;;1;;;;1;;;1;1;;;;;;2;;3;;;;;1;1;;;;1;;1;;;1;;1;1;;2;;2;;;;1;;1;;1;;2;;1;;;;1;;1;;15;;2;;1;;;;1;;;;2;;;;;;;;1;;5;;2;;1;;;;;;;1;;1;1;;;;;;3;;1;;1;;1;;2;;;1;;2;;1;;2;;2;;2;;;;1;1;;1;;1;;5;;;;2;;1;;;2;;1;1;;1;;;;1;;10;;10;;5;;3;;1;;1;;1;;1;;1;;;;1;;1;;15;;;;10;;3;;1;;1;;2;;1;;;;2;;1;;;2
Rubus caesius L.;;;;;;;;;;;;;1;;1;;;;;;;;;;;;;;;;;;1;;2;;1;;1;;;1;;1;;;;;;;;;;;;;;;2;;1;;;;1;;;;;;;;2;;;;;;;;;;;;1;;1;;1;;;;3;;2;;1;;;;;;;;8;;2;;;;;;;1;;1;;;;;;;;;;;;;3;;;;;;;;;;;1;1;;;1;;;;;;;;;1;;;;;;;;1;;2;;;1;;;;;;;;1;5;;;;;3;8;;2;;;1;5;;3;;;;1;;;;;;;;;;;;;;;1;;;;;;;;;;1;;;;;;;;;1;;;1;1;;;;;;;;;1;;;2;;;;;;;;;1;;;;1;;;;;;;;2;;;;1;;;;;;;1;;;;1;;;;;;;1;;;;
Rumex acetosa L.;;;;;3;;;;;2;;;2;;;;;;;;;;;;1;;;;;;;;;;;;;2;;;;;;;;;;3;;;;;5;;;;;;;;;;;;;;;;;;;;;;1;;;;;;;;;;;;;;;1;;;;;;;;;;;;;;;;;;;;;1;;;;;;;;;;3;;;;;;;;;;8;;;1;;;15;;;;;;;;;;;;;;;;;1;;;;;;;2;;;;;;;1;;;;;;;;;;;;;;;;;10;;;;;;;;1;;;;;;;;;;;;1;;;;;;;;;3;2;;2;;1;;1;;2;;;;1;;1;;;;;2;;;;;;;;2;;;;;;1;3;;1;;2;;1;;1;;;1;;1;;;3;;;1;10;;1;;5;;5;;;;;2;;;;;;;;3;;
Rumex obtusifolius L.;;;;;;1;;;;;;;;;1;;1;;;;;;;;;;;;;;;;;1;;;;;;;;;;;;;;;;;;;;;;;;;;;;2;;3;;;;;;;;;;;;;;1;;;;1;;;;1;;;;1;;;;;;;;;;;;;;1;;;;2;;;;;;;;;;;;;;;;;;;;;;;;;;;;;;;;1;;;;;;;;;;1;;;;;;;;;;;;;;;;1;;;;;;;;;;;1;;;;;1;;1;;;;;;;;;;;;;;;;;;;;;;;;;;;;;;;;;;;;;;1;;;;;;;;;;;;1;;;;;;;;;;1;;;;;;;;1;;1;;;1;;;;;;;;;;;;;;;;;;1;;;2;;;;2;;;;;;;;
Salvia pratensis L.;;;;;;;;;;;2;;;;2;;;1;2;;;;;;5;;;;10;;;;;;;;;;;;;;;;3;;10;;;;;;;;2;;3;;;;;;;;1;;;;;;;;;;;;;;;;5;;;;5;;2;;;;;;;;30;;;;;;1;;;;;;10;;3;;;;5;;;;;;;;15;;1;;5;;;;2;;;;;;;;;;;2;;;;1;;;1;;;;1;;20;;;;;;;;;1;;;;;;;;;;;;;1;;;;;;;;1;;15;;;;10;;;;1;;;;;;;1;;;2;;1;;;;3;;3;;;;;;;1;;;3;;;;;;;;;;2;;5;;;;;;;;;;;;;;;;8;;;;;;;;;;;;;;10;;;;;;;;10;;;;;;3;;2;;;;;;;;;1;5;
Sanguisorba minor Scop. s. str.;;2;1;;;;;1;;;;;;;;;3;;2;;;2;;;;1;;;;;;2;;;;;;;2;;1;;2;;;2;;;3;;2;;2;;2;;;;1;;3;;1;;1;;;;;;;;;;2;;1;;1;;;;;;1;;1;;1;;1;;1;;1;;1;;;;1;;;1;;;2;;1;;2;;2;;1;;1;;;4;1;;1;;1;;2;;1;;1;;2;;2;;2;;3;;2;;;;;2;;1;;2;;4;;;;3;1;;1;;;;;2;;1;;1;1;;2;;3;;4;;2;;;;2;;1;;2;;1;;;3;;;;2;1;;;;;2;;;;1;3;;2;;;;2;;;1;1;;1;;;1;1;;;2;;;;1;;;1;;1;;2;;;;;2;;3;;1;;;3;;2;;;;;3;;2;;1;;;2;;1;;1;;3;;5;;2;;;2;1;;;1;;;2;;2;;2;;;2;;4
Sanguisorba officinalis L.;;;;;;;;;;;;;;;;;;;;;;;;;;;;;;;;;;;;;;;;;;;;;;;;;;;;;;;;;;;;;;;;;;;;;;;;;;;;;;;;;;;;;;;;;;;;;;;;;;;;;;;;;;;;;;;;;;;;;;;;;;;;;;;;;;;;1;;;;1;;;;;;;;;;;;;;;;;;;;;;;;1;;;;;;;;;;;;;;;;;;;;;;;;;;2;;;;;;;;;;;;;;;;;;;;;;;;1;;;;;;;;;;;;;;;;;;;;;;;;;;;;1;;;;;;;;;;;;;;2;;;;;;2;1;;;;;;;;;;;;;;;;;;;;;;;;;1;1;;;;;
Scabiosa columbaria;;;;;;;;;;;;;;;;;;;;;;;;;;;;;;;;;;;;;;;;;;;;;;;;;;;;;;;;;;;;;;;;;;;;;;;;;;;;;;;;;;;;;;;;;;;;;;;;;;3;;;;;;;;;;;;;;;;;;;;;;;;;;;;;;;;;;;;;;;;;;;;;;;;;;;;;;;;;;;;;;;;;;;;;;;;;;;;;;;;;;;;;;;;;;;;;;;;;;;;;;;;;;;;;;;;;;;;;;;;;;;;;;;;;;;;;;;;;;;;;;;;;;;;;;;;;;;;;;;;;;;;;;;;;;;;;;;;;;;;;;;;;;;;;;;;
Securigera varia (L.) Lassen;;;;;;;1;;;;;;;;;;;;;;;;;;;;;;;;;;;1;;;;;1;;;;;;;;;;;3;;2;1;;2;;2;;1;;3;;1;;;;3;;;;1;;;;;;;;;;1;;;;3;;1;;1;;;;1;;;;;;;;;1;1;;2;;5;;1;;1;;1;;;;;;1;;;;;;;;;;;;;;;;;;;;;;;;;;1;;3;;;;10;;;;3;;;2;1;;;;;;;;;;;2;;;;;;;;;;1;;;;;15;;2;;5;;;;;;;2;;;;1;;2;1;;;;;;;;;;;1;;;;;;;;;;;;;;;5;;;;;;;;;1;;;;;1;;;;;;;;;;;;;;;;1;;8;;;;2;;;;;;;;;;;;;1;;;;;;;;;;;;
Sedum sexangulare;;;;;;;;;;;;;;;;;6;;;;1;;;;;;;;;;;;3;;;;;;;;;;;;;;;;;;;;;;;;;;;;;;;;;;;;;;;;;;6;;;;5;;;;;;;;;;;;10;;;;;;;;;;;;;;;;;;2;;;2;;;;;;;;;;;;;;;;;;;;;8;;;;;;;;;;;;1;;;;3;;;;;;;;;;2;;;;;;;;;;;;;;;;;;;;;;;;;;;;;;;;;;;;;;;1;;;;;;;;;;;;;;;;;2;;;;;;;;;;;;;;;;;;;;3;;;;;;;;;;;;;;;;;;;;;;;;;;;;3;;;;;1;;;;;;;;;;;3;;;;;;;;;;;
Silene alba;;;;;;;;;;;;;;;;;;;;;;;;;;;;;;;;;;;;;;;;;;;;;;;;;;;;;;;;;;;;;;;;;;;;;;;;;;;;;;;;;;;;;;;;;;;;;;;;;;;;;;;;;;;;;;;;;;;;;;;;;;;;;;;;;;;;;;;70;;;;;;;;;;;;;;;;;;;;;;;;;;;;;;;;;;;;;;;;;;;;;;;;;;;;;;;;;;;;;;;;;;;;;;;;;;;;;;;;;;;;;;;;;;;;;;;;;;;;;;;;;;;;;;;;;;;;;;;;;;;;;;;;;;;;;;;;;;;;;;;;;;;;;;;;;;;
Silene latifolia Poir.;;;;;;;;;;;;;;;;;;;;;;;;3;45;;;;;;;;;;;;;;10;;;;;;;1;30;;;;;;;;;;40;;;1;;;2;;;;;;;;1;;;;;;30;;;;;;;;;;;;;;;;;;;;;;;;;;;;;;;;;;;;40;;;;20;;;;;;;;;;;;;;;;;;;;;;;;;;;;;;5;;;;30;;;;;;;;;;;;;;;;;;;;;;;;;;;;;;;;;;;;;1;;;;;;;;;;;10;;;;15;;;;;;;;2;;;1;;;;;;;35;;;;;;;1;;;;;;1;;;;;;;;;;;;;;;;;;;;;;;30;;;;;1;;;;;;;;;;;;;20;;;;;;;1;;;;;;;;
Silene vulgaris (Moench) Garcke s. l.;5;;;1;;;;3;;1;60;;10;;3;;2;;1;;15;;10;;2;;30;;3;;8;;15;;;;5;;1;;65;;1;;2;;;;10;;5;;;1;1;;1;;;;;;;;80;;1;;;;;;2;;35;;;;;;1;;1;;1;;45;;1;;;;;1;10;;1;;1;;70;;;;2;;1;;70;;1;;;;1;;;;;;1;;;;40;;;;;;1;;;;;;;;5;;;;;;;1;;;;;1;;;;;;;;;;;1;;4;75;;25;;25;;20;;20;;10;;;;1;;;1;30;;;2;1;;;;65;;65;;75;;2;;30;;20;;;;50;;10;;60;;;;40;;5;;60;;70;;35;;30;;30;;5;;10;;5;;15;;35;;;;10;;10;;;;20;;50;;15;;3;;1;;10;;5;;15;;3;;50;;;;25;;15;;10;;30;;5;;15;;40;;1;;2;;2;;20;;10;
Sisymbrium officinale;;;;;1;;;;;;;;;;;;;;;;;;;;;;;;;;;;;;;;;;;;;;;;;;;;;;;;;;;;;;;;;;;;;;;;;;;;;;;;;;;;;;;;;;;;;;;;;;;;;;;;;;;;;;;;;;;;;;;;;;;;;;;;;;;;;;;;;;;;;;;;;;;;;;;;;;;;;;;;;;;;;;;;;;;;;;;;;;;;;;;;;;;;;;;;;;;;;;;;;;;;;;;;;;;;;;;;;;;;;;;;;;;;;;;;;;;;;;;;;;;;;;;;;;;;;;;;;;;;;;;;;;;;;;;;;;;;;;;;;;;;;;;;;;;;;
Solidago gigantea;;;;;;1;;;;1;;;;;;;;;;;;;;;;;;;;;;;;;;;;;;;;;;;;;;;;;;;;;;;;;;;;;;;;;;;;;;;;;;;;;;;;;;;;;;;;;;;;;;;;;;;;;;;;;;;;;;;;;;;;;;;;;;;;;;;;;;;;;;;;;;;;;;;;;;;;;;;;;;;;;;;;;;;;;;;;;;;;;;;;;;;;;;;;;;;;;;;;;;;;;;;;;;;;;;;;;;;;;;;;;;;;;;;;;;;;;;;;;;;;;;;;;;;;;;;;;;;;;;;;;;;;;;;;;;;;;;;;;;;;;;;;;;;;;;;;
Sonchus asper (L.) Hill;;;;;;;;;;;;;;;;;;;;;;;;;;;;;;;;;;;;;;;;;;;;;;;;;;;;1;;1;;;;;;;;;;;;;;1;;;;;;;;;;;;;;;;2;;1;;;;;;;;;;;;;;;;;;1;;;;;;;;;;;;;;;;;;1;;1;;1;;;;;;;;4;;2;;;;;;;;;;;;;;;;;;;;;;;;;;1;;;;;;;;;;;;;;;;;;;;;;;;;;;;;;;;;;;;;;;;;;;;;;;;;;;;;;;;;;;;;;;;;;1;;2;;1;;1;;;;;;;;;2;;;;;1;;;;;;;;;;;;;;;;;;;;1;;1;;1;;;;;;;;1;;;;;;;;1;;
Stachys palustris L.;;;;;;;;;;;;;;;;;;;;;;;;;;;;;;;;;;;;;;;;;;;;;;;;;;;;;;;;;;;;;;;;;;;;;;;;;;2;;;;1;;;;;;;;;;;;;;;;;;;;;;3;;;;;;;;;;;;;;;;;;;;;;;;;;;;;;;;;;;;;;;;;;;;;;;;;;;;;;;;;;;;;;;;;;;;;;;;;;;;;;;;;;;;;;;;;;;;;;;;;;;;;;;;;;;;;;;;;;;;;;;;;;;;;;;;;;;;;;;;;;;;;;;;;;;;;;;;;;;;;;;;;;;;;;;;;;;;;;;;;;;;;;;;;;;;;;
Stellaria graminea;;;;;;;;5;;;;2;;;1;;;;;2;;5;;4;;;;3;1;;;;;3;;;;;;1;;;;;;;;;;;;;;;;;;;;;;;;;;2;1;;;3;;2;3;;;3;1;;;;;;;;1;;;;;;;;;;;;;;;;;;;2;;;;;;;;;;;;;;;;;;;;;;;;;;;;;;;;;;;;;;;;;;;;;;;;;;;;;;;;;;;;;;;;;;;;;;;;;;;;;;;;1;;;;;;;;;;;;;;;;;;;;;;;;;;;;;;5;;3;;;;;;;;;;;;1;;;;;;;;2;;;;;;;;;;;;;;;;;;;3;;;;;;;;;;;;;;;;;;;;;;;;;;;;;;;;;;;
Stellaria media (L.) Vill. s. str.;;;;;;;;;;;;;;1;;1;;;;;;;;;;;;;;;;;;;;;;;;;;;;;;;;;;1;;;;;;;1;;;;;;;;;;1;;;;;;;;3;;;;;;1;;;;1;;;;;;;;;;;;;;;1;;;;;;;;;;;;;;;;;;;;;;;;;;;;;;;;1;;;;;;;;;;;;;;;;;;;;;;;1;;;;;;;;;;;;;;;;;;;;;;;;1;;1;;;;;;;;;;;;;;;;;;;;;;;;;;;;;;;;;;;;;;;;;;;;;;;;;;;;;;;;;;;;;;;;;;;;;;;;;;;;;;;;;;;;;;;;;;;;;;;;;;;;;;;;;;;;;
Symphytum officinale L. s. str.;;;;;;;;;;;;;;;1;;;;;;;;;;1;;;;;;1;;;;;;;1;;;;;;;;;;;5;;5;;5;;5;;2;;;;;;;;;;2;;;;;;3;;;;;;;;;;;;;;;;;;;;;;;;;1;;;;;;;;;;;;1;;;;;;;;;;;;1;;;;;1;;;;;;;;;;;;;;;;;1;;1;2;;;1;3;;;;;;;;;1;;;;;;;;;;;1;;3;;;;;;;;;;;;;;;;;;;;;1;;;;;;;;;;;;;;;;;;;;;;;;;;;;;;;1;;;;;;;;;;;;;;;;;;;;;;;;;1;;;;;;;;;;;;;;1;;;;;;;;;;;;;;;;;;;;;;;;;;
Taraxacum officinale agg.;;;;2;3;;;;;1;;;;;;2;;2;;;1;;1;;;;;3;;;1;;1;;;;1;;;;;1;;;;;;;;5;;;;1;;3;;1;;;1;;1;;1;;;1;;1;1;;;;2;;;;;1;;1;;;1;;;;;;;1;;;;4;;;;;;2;;1;;;;1;;1;;;;;;1;;1;;;;1;;2;;2;;1;;;;;1;;;;;;1;;;;;;1;;1;;;;;;;1;1;;;;;3;;;;;1;;;;1;;;;2;;;;;;;;2;;1;;;;;1;;;;1;;;;1;;2;;1;;;;2;;2;;1;;2;;2;;;2;;;1;;2;;1;;;;;;1;;;;;;;;;;;;;;1;3;;;;1;;2;;;1;1;;;;1;;;;;;;;;;1;;1;;1;;;1;;;;;1;;;;;1;;;;;1;
Thlaspi arvense;;2;;;;;;;;;;;;;;;;;;;;;;;;;;;;;;;;;;;;;;;;;;;;;;;;;;;;;;;;;;;;;;;;;;;;;;;;;;;;;;;;;;;;;;;;;;;;;;;;;;;;;;;;;;;;;;;;;;;;;;;;;;;;;;;;;;;;;;;;;;;;;;;;;;;;;;;;;;;;;;;;;;;;;;;;;;;;;;;;;;;;;;;;;;;;;;;;;;;;;;;;;;;;;;;;;;;;;;;;;;;;;;;;;;;;;;;;;;;;;;;;;;;;;;;;;;;;;;;;;;;;;;;;;;;;;;;;;;;;;;;;;;;;;;;;
Thymus praecox;;;;;;;;;;;;;;;1;;;;;;;;;;;;;;;;;;1;;;;;;;;;;;;;;;;;1;;;;;;;;;;;;;;;;;;;;;;;;;;;;;;1;;;;;;;;;;;;;;;;;;;;;;;;1;1;;;;;;;;;;;;;;;;;;;;;;;2;;;;;;;;;;;;;;;;;;;;;;;;;;;;;;;;;;;;;;;;3;;;;;;;;;;3;;;;;;;;;;;;;;2;;;;;;;;;;;;;;;;;;;;;;;;;;;;;;;;;;;;;;;;;;;;;;;;;;;;;;;;;;;;;;;;;;;;;;1;;;;;;;;;;;;;;;;;;;;;1;;;;;;2;
Tragopogon pratensis L. s. l.;;;;;3;;;;;;;;;;;;;;;;;;;;1;;;;;;5;;;;;;;;3;;;;;;;;;;;;;;;;;;;;;;;;;;;;5;;;;;;;;;;;;;;4;;;;;;;;6;;;;;;;;;;5;;;;;;;;;;;;;;;;;;;;;;3;;;;;;;;;;;;;;1;;;;;;;;;;;;;;;;;;;;;;;;;;;;;2;;;;;;;;;;;;;;;;;1;;;;;;3;1;;;;;;;;;;;3;;;;3;;2;;;;;;;;;;;;;;;;;;;;;;;;;;;;;;;;;;;;;;;;;;3;;;;;;5;;;;1;;;;;;;;;;;;;;1;;;;;;;;;;;;;;;;;;;
Trifolium arvense;;;;1;;;;;;;;;;;;;;;;;;;;;;;;;;;;;;;;;;;;;;;;;;;;;;;;;;;;;;;;;;;;;;;;;;;;;;;;;;;;;;;;;;;;;;;;;;;;;;;;;;;;;;;;;;;;;;;;;;;;;;;;;;;;;;;;;;;;;;;;;;;;;;;;;;;;;;;;;;;;;;;;;;;;;;;;;;;;;;;;;;;;;;;;;;;;;;;;;;;;;;;;;;;;;;;;;;;;;;;;;;;;;;;;;;;;;;;;;;;;;;;;;;;;;;;;;;;;;;;;;;;;;;;;;;;;;;;;;;;;;;;;;;;;;;
Trifolium campestre;;;;;;;;;;;;;;;;;;;;;;;;;;;;;;;;;;;;;;;;;;;;;;;;;;;;;;;;;;;;;;;;;;;;;;;;;;;;;;;;;;;;;;;;;;;;;;;;1;;;;;;;;;;;;;;;;;;;;;;;;;;;;;;;;;;;;;;;;;;;;;;;;;;;;;;1;;1;;;;;;1;;;;1;;;;;;;;;;;;;;;;;;;;;;;;;;;;;;1;;;;;;;;;;3;;;;;;;;;;;;1;;;;;;;;;;;;;;;;;;;;;;;;;;;;;;;;;;;;;;;;;;;;;;;;;;;;;;;;;;;;;;;;;;;;;;;;;;;;
Trifolium dubium Sibth.;;;;;;;;;;;;;;;;;;;;;;;;;;;;;;;;;;;;;;;;;;;;;;;;;;1;;;;;;;;;;;;;;;;;;;;;;;;;;;;;;;;;;;;;;;;;;;;;;;;;;;;;;;;;;;;;;;;;;;;;;;;;;;;;;;;;;;;;;;;;;;;;;;;;;;;;;;;;;;;;;;;;;;;;;;;;;;;1;;;;;;;;;;;;;;;;;;;;;;;;;;;;;;;;;;;;;;;;;;;;;;;;;;;;;;;;;;;;;;;;;;;;;;;;;;;;;;;;;;;;;;;;;;;;;;;;;;;;;;;;;;;;;;;;;;;;
Trifolium hybridum;;;;;;;;;;;;;;;;;;;;;;;;;;;;;;;;;;;;;;;;;;;;;;;;1;;;;;;;;;;;;;;;;;;;;;;;;;;;;;;;;;;;;;;;;;;;;;;;;;;;;;;;;;;;;;;;;;;;;;;;;;;;;;;;;;;;;;;;;;;;;;;1;;;;;;;;;;;;;;;;;;;;;;;;;;;;;;;;;;;;;;;;;;;;;;;;;;;;;;;;;;;;;;;;;;;;;;;;;;;;;;;;;;;;;;;;;;;;;;;;;;;;;;;;;;;;;;;;;;;;;;;;;;;;;;;;;;;;;;;;;;;;;;;;;;;;
Trifolium pratense L.;;;;;;2;1;;5;;;1;5;;;;;1;3;;1;;;;;;1;;1;;;;;;;;1;;;;;;5;;;;5;;;2;;2;;;;;3;;;;;;;;;;3;;;1;;2;2;;;;1;;;;;;;;2;;;;;;1;;;;2;;;;1;;;;;;;;;1;;;;;3;;1;;2;;;;;;;;;;;;;1;5;;;;;1;;;;;;1;5;;;;2;;;1;;;;;5;;;;;1;2;;1;;;;;;;;;;;2;;;;;2;;;;;;;;;;;;;;;;;;;;;2;1;;;2;;;;;;;;1;;;;;;;;1;;2;;;;;;;;;;;;;;;1;;;;;2;;;3;;;;;;;1;;;;;3;;;2;;;;;1;;;;;;;1;;2;;;1;;;;;;;;;;1;;;
Tripleurospermum maritimum;;;;;;;;;;;;;;;;;;;;;;;;;;;;;;;;;;;;;;;;;;;;;;;;;;;;;;;;;;;;;;;;;;;;;;;;;;;;;;;;;;;;;;;;;;;;;;;;;;;;;;;;;;;;;;;;;;;;;;;;;;;;;;;;;;;;;;;;;;;;;;;;;;;;;;;;;;;;;;;;;;;;;;;;;;;;;;;;;;;;;;;;;;;;;;;;;;;;;;;;;;;;;;;;;;;;;;;;;;;;;;;;;;;;;;;;;;;;;;;;;;;;;;;;;;;;;;;;;;;;;;;;;;;;;;;;;;;;;;;;;;;;;;;;;;
Urtica dioica;;;;;;;;;;;;;;;;;;;;;;;;;;;;;;;;;;;;;;;;;;;;;;;;;;;;;;;;;;;;;;;;;;;;;;;;;;;;;;;;;;;;;;;;;;;;;;;;;;;;;;3;;;;;;;;;;;;;;;;;;;;;;;;;;;;;;;;;;3;;;;;;;;;;;;;;;;;;;;;;;;;;;;;;;;;;;;;;;;;;;;;;;;;;;;;;;;;;;;;;;;;;;;;;;;;;;;;;;;;;;;;;;;;;;;;;;;;;;;;;;;;;;;;;;;;;;;;;;;;;;;;;;;;;;;;;;;;;;;;;;;;;;;;;;;;;
Valerianella spec. ;;;;;;;;;;;;;;;;;;;;;;;;;;;;;;;;;;;;;;;;;;;;;;;;;;;;;;;;;;;;;;;;;;;;;;;;;;;;1;1;;;;;;;;;;;;;;;;;;;;;;;;;;;;;;;;;;;;;;;;;;;;;;;;;;;;;;;;;;;;;;;;;;;;;;;;;;;;;;;;;;;;;;;;;;;;;;;;;;;;;;;;;;;;;;;;;;;;;;;;;;;;;;;;;;;;;;;;;;;;;;;;;;;;;;;;;;;;;;;;;;;;;;;;;;;;;;;;;;;;;;;;;;;;;;;;;;;;;;;;;;;;;;;;;;;;;
Verbascum lychnitis;;;;;;;;;2;;;;;;;;;;;;;;;;;;;;;;;;;;;;;;;;;;;;;;;;;;;;;;;;;;;;;;;;;;;;;;;;;;;;;;;;;;;;;;;;;;;;;;;;;;;;;;;;;;;;;;;;;;;;;;;;;;;;;;;;;;;;;1;;1;;;;2;;;;1;;1;;1;;;;;1;;;;;;;;;;;;;;;;;;5;;;;;;;;;;;;;;;;;;;;;;;;;;;;;;;;;;;;;;;;;3;;;;;;;;2;;2;;;;;;;;;;;;;;;;;;;;;;;;;;;;1;;;;1;;;;3;;;;;;;;;;;;;;;;;;;;;;;;;;;;;;;;
Verbascum thapsus;;;;;;;;;;;;;;;;;;;;;;;15;;;;;;;;;;;;;;;;;;;;;;;;;;;;;;;;;;;;;;;;;;;;;;;;;;;;;;;;;;;;;;;;;;;1;;;;;;;;;;;;;;;;;;;;;;;;;;;;;;;;;;;;;;;;;;;;;;;;;;;;;;;;;;;;;;;;;;;;;;;;;5;;;;;;;;;;;;;;;;;;;;;;;;;3;;;;;;;;;;;;;;;;;;;;;;;;;;;;;;;;;;;;;;;;;;;;;;;;;;;;;;;;;;;;;;;;;;;;;;;;;;;;;;;;;;;;;;;;;;;;;;;;;;;;;;
Veronica arvensis;;;;1;;;;;;;;;;;;;;;;;;;1;;;1;;2;;1;;2;;;;;;;;;;;;;;;;;;;;;;;;;;;;;;;;;;;;1;;;;;;;;;;2;;1;;;;;;1;;;;;;;;;;;;;;;;;;;;;;;;;;;;;;;;;;;1;;1;;;1;;;;;;;;3;;;;;;;;;;;;;;;;;;;;;;2;;;;;;;;;;1;;;;;;;;1;;1;;;;;;;;;;;;;;;;;;;;;;;;;;;;;;1;;;;;;;;;;;;;;;;;;;;;;;;;;;;;;;;;;;;;;;;;;;;;;;;;;;;;;;;;;;;;;;;;;;;;;1;;;;;;;;;;;;;;
Veronica chamaedrys;;;;;;2;;;;;;;;1;;;;;;;;;;;;1;;;;;;;;;;;;;;;;;;;;;;;;;;;;;;;;;;;;;;;;;;;;;;;;;;;;;;;;2;;;;;;;;;;;;;;;;;;;;;;;;;;;;;;;;;;;;;;;;1;;3;;;;;;;;;;;;;;;;;;;;;;;;;;;;;;;;4;;;;;;;;;;;;;;;;1;;;;;;;;;;3;;;;;;;;;;;;;;;;;;;;;;;;;;;;;;;;;;;;;;;;;;;;;;;;;;;;;;;;;;;;;;;;;;;;1;;;;;;;;;;;;;;;;1;;1;;;;;;;;;;;;;;;;;;;;;;
Vicia angustifolia;;;;;;;;;;;;;;;;;;;;;;;;;;;;;;;;;;;;;;;;;;;;;;;;;;;;;;;;;;;;;;;;;;;;;;;;;;;;;;;;;;;;;;;;;;;;;;;;;;;;;;;;;;;;;;;;;;;;;;;;;;;;;;;;;;;;;;;;;;;;;;;;;;;;;;;;;;;;;;;;;;;;;;;;;;;;;;;;;;;;;;;;;;;;;;;;;;;;;;;;;;;;;;;;;;;;;;;;;;;;;;;;;;;;;;;;;;;;;;;;;;;;;;;;;;;;;;;;;;;;;;;;;;1;;;;;;;;;;1;;1;;;;;;;;;;;;
Vicia sepium;;;;;;;;;;;;;;;;;;;;;;;;;;;;;;;;;;;;;;;;;;;;;;;;;;;;;;;;;;;;;;;;;;;;;;;;;;;;;;;;;;;;;;;;;;;;;;;;;;;;;;;;;;;;;;;;;;;;;;;;;;;;;;;;;;;;;;;;;;;;;;;;;;;;;;;;1;;;;;;;;;;;;;;;;;;;;;;;;;;;;;;;;;;;;;;;;;;;;;;;;;;;;;;;;1;;;;;;;;;;;;;;;;;;;;;;;;;;;;;;;;;;;;;;;;;;;;;;;;;;;;;;;;;;;;;;;;;;;;;;;;;;;;;;;;;;
Viola arvensis;;;;;;;;;;;;;;;;;;1;;;;;;;;;;;;;;;;;;;;;;;;;;;;;;;;;;;;;;;;;;;;;;;;;;;;;;;;;;;;;;;;;;;;;;;;;;;;;;;;;;;;;;;;;;;;;;;;;;;;;;;;;;;;;;;;;;;;;;;;;;;;;;;;;;;;;;;;;;1;;;;;;;;;;;;;;;;;;;;;;;;;;;;2;;;;;;;;;;;;;;;;;;;;;;;;;;;;;;;;;;;;;;;;;;;;;;;;;;;;;;;;;;;;;;;;;;;;;;;;;;;;;;;;;;;;;;1;;;;;;;;;;;;;;;;;;;;
Vicia onobrychioides;;;;;;;;;;;;;;;;;;;;;;;;;;;;;;;;;;;;;;;;;;;;;;;;;;;;;;;;;;;;;;;;;;;;;;;;;;;;;;;;;;;5;;;;;;;;;;;;;;;;;;;;;;;;;;;;;;;;;;;;;;;;;;;;;;;;;;;;;;;;;;;;;;;;;;;;;;;;;;;;;;;;;;;;;;;;;;;;;;;;;;;;;;;;;;;;;;;;;;;;;;;;;;;;;;;;;;;;;;;;;;;;;;;;;;;;;;;;;;;;;;;;;;;;;;;;;;;;;;;;;;;;;;;;;;;;;;;;;;;;;;;;;;;;;;;
Vicia tetrasperma;;;;;;;;;;;;;;;;;;;;;;;;;;;;;;;;;;;;;;;;;;;;;;;;;;;;;;;;;;;;;;;;;;;;;;;;;;;;;;;;;;;;;;;;;;;;;;;;;;;;;;;;;;;;;;;;;;;;;;;;;;;;;;;;;;;;;;;;;;;;;;;;;;;;;;;;;;;;;;;;;;;;;;;;;;;;;;;;;;;;;;;;;;;;;;;;;;;;;;;;;;;;;;;;;;;;;;;;;;;;;;;;;;;;;;;;;;;;;;;;;;;;;;1;;;;;;;;;;;;;;;;;;;;;;;;;;;;;;;;;;;;;;;;;;;;
Vicia cracca L.;;1;;;;;;;;;;1;;;;;;;;;;1;;;;;;2;;;;3;;;;;;2;;;;2;;;;;;;;2;;;;;;;;3;;;;1;;;;;;;;;;;;;;;;;;;;;;;1;;;;;;;;;;;1;;;;3;;;;;;;;1;;;;;;;;;;2;;;;;;;;;;;;;;;;;;;;1;;;;;;1;;;;;;;;;;;;3;;2;;;;;;;;;;;;;;;;;;;;;;;;;;;;;;;;;;;;;;3;;;;1;;;;;;1;;;;;;;;;;;;;;1;;;;;;;;;;;;;;;;;;;;;;2;;;;1;;;;;;;;1;;1;;1;;;;;;;;;;;;;;;;;;;;;;;;;;1;;;;;;1
